{"type":"FeatureCollection","metadata":{"source":"Natural Earth 10m Physical Vectors, Land, version 5.1.1","url":"https://naturalearth.s3.amazonaws.com/10m_physical/ne_10m_land.zip","source_sha256":"e547d749445eaa0964aba76738090ec88f5e63c4585122170f98c67a7ea922dc","clip":[-100,24,-74,38]},"features":[{"type":"Feature","properties":{},"geometry":{"type":"MultiPolygon","coordinates":[[[[-75.40684973899994,37.997381903000075],[-75.42145748599995,37.987941799000055],[-75.42617753799993,37.97650788000004],[-75.43434422299993,37.96183299300009],[-75.43188166399995,37.95183034300004],[-75.41915157299991,37.94327864300004],[-75.42516315699993,37.93611439500006],[-75.43542411099992,37.93370459700009],[-75.43478266199992,37.92560275500006],[-75.41965455999991,37.91992312800005],[-75.42385584699991,37.913716503000046],[-75.43892125899993,37.906050951000054],[-75.44792046299995,37.89363537200006],[-75.4430714209999,37.889360228000044],[-75.42557700599991,37.89274269900005],[-75.41710077899995,37.886091984000075],[-75.42489525199994,37.875113328000054],[-75.44659182799995,37.86743214000006],[-75.4706581929999,37.85116251900007],[-75.49228479599992,37.83108400000009],[-75.51208130999993,37.80862075400006],[-75.53126944999991,37.78788412600005],[-75.56050504699994,37.74390211200006],[-75.59814441799995,37.70001121700005],[-75.62707875599995,37.67383181100007],[-75.65282290599993,37.64255234800004],[-75.7059576879999,37.58018307800006],[-75.71668602699992,37.55955119300006],[-75.73346920499995,37.53607819200005],[-75.74487609599993,37.52420403600007],[-75.75979974699993,37.50795376600007],[-75.77147376199991,37.490301825000074],[-75.78392493399991,37.483587958000044],[-75.78831946499992,37.475897528000075],[-75.81049616399991,37.462182433000066],[-75.81870712299991,37.45423785300005],[-75.81031085199993,37.44309882500005],[-75.8148046149999,37.436493676000055],[-75.82383182699994,37.427559640000084],[-75.82167723099991,37.419019681000066],[-75.80630922899991,37.414503307000075],[-75.79587438499993,37.40568291400007],[-75.79996167099995,37.40006841500008],[-75.8115377499999,37.398357022000084],[-75.8201692589999,37.39172923400008],[-75.8284399339999,37.390693559000056],[-75.83635787199995,37.39590813600006],[-75.85500507299992,37.39743783700004],[-75.8758462589999,37.36935084800007],[-75.8873085109999,37.35696729400007],[-75.90047744499992,37.325513665000074],[-75.91152966399994,37.290766132000044],[-75.92349188799994,37.244441581000046],[-75.92729673899993,37.21136833200006],[-75.93415782599993,37.17330383700005],[-75.93504015699995,37.15841693500005],[-75.93592555799995,37.13501634700009],[-75.94911108199994,37.12495191000005],[-75.9664286009999,37.13479530400008],[-75.97612161299992,37.16151840300006],[-76.0007780869999,37.194365245000085],[-76.00096594999991,37.22016022300005],[-75.99620520699995,37.23383209800005],[-75.99620520699995,37.23997630400004],[-76.01695716099994,37.257798570000034],[-76.0149633449999,37.28156159100007],[-76.00011145699995,37.30353424700007],[-75.98253333199995,37.31635163000004],[-75.99592037699995,37.32025788000004],[-76.00145423099991,37.31948476800005],[-76.01056881399995,37.31635163000004],[-75.99079342399995,37.35301341400009],[-75.98477128799993,37.37189362200007],[-75.98997962099992,37.38458893400008],[-75.97378495999993,37.39154694200005],[-75.96214758999992,37.40326569200005],[-75.95588131399995,37.41592031500005],[-75.95531165299991,37.42560455900008],[-75.95645097599993,37.42495351800005],[-75.9622289699999,37.42572663000004],[-75.96617591099994,37.42450592700004],[-75.96825110599991,37.41815827000005],[-75.97569739499994,37.41815827000005],[-75.97288977799991,37.43512604400007],[-75.96564693899995,37.45294830900008],[-75.95400956899994,37.46698639500005],[-75.92617753799993,37.47842031500005],[-75.92463131399995,37.48899974200009],[-75.93415279899995,37.49506256700005],[-75.95531165299991,37.48700592700004],[-75.95177161399994,37.51593659100007],[-75.93781490799995,37.53729889500005],[-75.91710364499994,37.55247630400004],[-75.89378821499992,37.56273021000004],[-75.93472245999993,37.57640208500004],[-75.92125403599994,37.58576080900008],[-75.91104081899994,37.59487539300005],[-75.9094945949999,37.603216864000046],[-75.92174231699994,37.610541083000044],[-75.90461178299995,37.61985911700009],[-75.88267981699994,37.62376536700009],[-75.87144934799994,37.62954336100006],[-75.88634192599994,37.64468008000006],[-75.87572180899991,37.66071198100008],[-75.86082923099991,37.66901276200008],[-75.84170488199993,37.67210521000004],[-75.81867428299995,37.67259349200009],[-75.82494055899991,37.68781159100007],[-75.82384192599994,37.696519273000035],[-75.78868567599994,37.72748444200005],[-75.79051673099991,37.733303127000056],[-75.81187903599994,37.73346588700008],[-75.81187903599994,37.74091217700004],[-75.79084225199995,37.75385163000004],[-75.77745520699995,37.76642487200007],[-75.77790279899995,37.78009674700007],[-75.79820716099994,37.796128648000035],[-75.78685462099992,37.80939362200007],[-75.77554277299993,37.807928778000075],[-75.76447506399995,37.80052317900004],[-75.75348873599995,37.796128648000035],[-75.69456946499992,37.80231354400007],[-75.70372473899994,37.81073639500005],[-75.70848548099991,37.82168203300006],[-75.70811926999994,37.83315664300005],[-75.70201575399994,37.84332916900007],[-75.69481360599991,37.84471263200004],[-75.67137610599991,37.841498114000046],[-75.66104081899994,37.84332916900007],[-75.66950436099995,37.85203685100004],[-75.67430579299992,37.861395575000074],[-75.67422441299993,37.870347398000035],[-75.66783606699994,37.87807851800005],[-75.67096920499995,37.892564195000034],[-75.68927975199995,37.903998114000046],[-75.71751868399991,37.909409898000035],[-75.74299068899995,37.90599192900004],[-75.74299068899995,37.912176825000074],[-75.71914628799993,37.92763906500005],[-75.69456946499992,37.939520575000074],[-75.66177324099993,37.94476959800005],[-75.64586341099994,37.94953034100007],[-75.63312740799995,37.96002838700008],[-75.65367591099994,37.967962958000044],[-75.67259680899991,37.971991278000075],[-75.76317298099991,37.978216864000046],[-75.78628495999993,37.975897528000075],[-75.80817623599995,37.96344635600008],[-75.83812415299991,37.94122955900008],[-75.85802161399994,37.93113841400009],[-75.86709550699993,37.93610260600008],[-75.86896725199995,37.94330475500004],[-75.87246660099993,37.946966864000046],[-75.87498938699991,37.95111725500004],[-75.87336178299995,37.96002838700008],[-75.86750240799995,37.967230536000045],[-75.85879472599993,37.97321198100008],[-75.85041256399995,37.98110586100006],[-75.84536699099993,37.99408600500004],[-75.85484778599994,37.993353583000044],[-75.86270097599993,37.99079010600008],[-75.86888587099992,37.98651764500005],[-75.87336178299995,37.980454820000034],[-75.88011633999992,37.980454820000034],[-75.87954667899993,37.98533763200004],[-75.88101152299993,37.98663971600007],[-75.88365637899994,37.986761786000045],[-75.88634192599994,37.987941799000055],[-75.87865149599992,37.994574286000045],[-75.87428101290551,38.0],[-75.39899544849513,38.0],[-75.40684973899994,37.997381903000075]]],[[[-76.45864824099993,37.99555084800005],[-76.40818011999994,37.96961669700005],[-76.37303626199991,37.960598049000055],[-76.29124166899993,37.92499680800006],[-76.26200253899992,37.91430381100008],[-76.24790889899992,37.90347101300006],[-76.24245344099995,37.88159497700008],[-76.23582923099991,37.85960521000004],[-76.23961341099994,37.83608633000006],[-76.2500707669999,37.82282135600008],[-76.26789303299995,37.82444896000004],[-76.29938717399995,37.850897528000075],[-76.31525631399995,37.85761139500005],[-76.32485917899993,37.84870026200008],[-76.31786048099991,37.82880280200004],[-76.29784094999991,37.796128648000035],[-76.29385331899994,37.78066640800006],[-76.29409745999993,37.77142975500004],[-76.29784094999991,37.761379299000055],[-76.30467688699991,37.747748114000046],[-76.30915279899995,37.74640534100007],[-76.31602942599994,37.747748114000046],[-76.32237708199995,37.74827708500004],[-76.32518469999991,37.74433014500005],[-76.31704667899993,37.73224518400008],[-76.28551184799994,37.710923570000034],[-76.28416907499991,37.699286200000074],[-76.29222571499992,37.694566148000035],[-76.30370032499991,37.69403717700004],[-76.31566321499992,37.69611237200007],[-76.32518469999991,37.699286200000074],[-76.31973222599993,37.68549225500004],[-76.32530676999994,37.67951080900008],[-76.33413652299993,37.675767320000034],[-76.33885657499991,37.66889069200005],[-76.33543860599991,37.65912506700005],[-76.32111568899995,37.64398834800005],[-76.31786048099991,37.63719310100004],[-76.30467688699991,37.637884833000044],[-76.32111568899995,37.62400950700004],[-76.34943600199995,37.62799713700008],[-76.40465247299994,37.64468008000006],[-76.40880286399994,37.64996979400007],[-76.41930091099994,37.66010163000004],[-76.43008378799993,37.666896877000056],[-76.43504798099991,37.661769924000055],[-76.43862870999993,37.66290924700007],[-76.44644120999993,37.67084381700005],[-76.45376542899993,37.68353913000004],[-76.45612545499995,37.69245026200008],[-76.46890214799993,37.708644924000055],[-76.47866777299993,37.69505442900004],[-76.48961341099994,37.65835195500006],[-76.50499426999994,37.65692780200004],[-76.5169164699999,37.66893138200004],[-76.52391516799992,37.68789297100005],[-76.52440344999991,37.699286200000074],[-76.53551184799994,37.71552155200004],[-76.57135982999995,37.751288153000075],[-76.57900956899994,37.77130768400008],[-76.58348548099991,37.77728913000004],[-76.61314856699994,37.796128648000035],[-76.61778723899994,37.80385976800005],[-76.62193762899994,37.81391022300005],[-76.62857011599993,37.818426825000074],[-76.64049231699994,37.80914948100008],[-76.64956620999993,37.81305573100008],[-76.65782630099994,37.81899648600006],[-76.66266842399995,37.82851797100005],[-76.66152910099993,37.84332916900007],[-76.67414303299995,37.83299388200004],[-76.68765214799993,37.83161041900007],[-76.70091712099992,37.83690013200004],[-76.71275794199994,37.84707265800006],[-76.75035559799994,37.89516836100006],[-76.7695282819999,37.914496255000074],[-76.8322619349999,37.94297216100006],[-76.85029535699994,37.98195834100005],[-76.88006845599995,37.99095692700007],[-76.88873371558896,38.0],[-76.46727892670464,38.0],[-76.45864824099993,37.99555084800005]]],[[[-76.92641478799993,37.99671646100006],[-76.92261368099992,37.98083340900007],[-76.90579802099995,37.97579176600004],[-76.89171301999994,37.974310614000046],[-76.88023841099994,37.96967194200005],[-76.87744594599991,37.95636330100007],[-76.86592043299993,37.94197723600007],[-76.84703528599994,37.928941148000035],[-76.83116614499994,37.91836172100005],[-76.81645591599994,37.90355199900006],[-76.79528641399992,37.89195732400009],[-76.7878900579999,37.88323062500007],[-76.77780084199992,37.86209102400005],[-76.76689075299993,37.84204041900006],[-76.75267506299991,37.82262623500009],[-76.74173030999992,37.80996509100004],[-76.7291195979999,37.79946539600007],[-76.7162445379999,37.788097022000045],[-76.70303453899993,37.786955171000045],[-76.68797766799992,37.789496161000045],[-76.68399003799993,37.78925202000005],[-76.67992102799991,37.78969961100006],[-76.67520097599993,37.788723049000055],[-76.67442786399994,37.78510163000004],[-76.67601477799991,37.77187734600005],[-76.67520097599993,37.76821523600006],[-76.66865875499991,37.75550154600006],[-76.63193552799993,37.75042788300004],[-76.6134005209999,37.739539010000044],[-76.60172229299991,37.719650339000054],[-76.57998613199993,37.69818756700005],[-76.57900956899994,37.69586823100008],[-76.57721920499995,37.68817780200004],[-76.57402998099991,37.67324590800007],[-76.5708052519999,37.653244516000086],[-76.55198222899992,37.626757636000036],[-76.52222111899994,37.61488081300007],[-76.46349036399994,37.61855703300006],[-76.44302324099993,37.61859772300005],[-76.42821204299992,37.624212958000044],[-76.40428626199991,37.594183661000045],[-76.36758378799993,37.58421458500004],[-76.32526607999995,37.58063385600008],[-76.28416907499991,37.569566148000035],[-76.30190995999993,37.557928778000075],[-76.31924394399994,37.55292389500005],[-76.36611894399994,37.54905833500004],[-76.39297441299993,37.542181708000044],[-76.39338131399995,37.53314850500004],[-76.37767493399991,37.52521393400008],[-76.35651607999995,37.52179596600007],[-76.32266191299993,37.501288153000075],[-76.30125891799992,37.493841864000046],[-76.29165605399993,37.50438060100004],[-76.28981346799992,37.519404105000035],[-76.27006169999993,37.51735554800007],[-76.26277228399994,37.502927826000075],[-76.26390506699994,37.487302114000045],[-76.2676488919999,37.48102448100008],[-76.27721106699994,37.47044505400004],[-76.2774145169999,37.45970286700009],[-76.26740475199995,37.453192450000074],[-76.25572669199994,37.45327383000006],[-76.24453691299993,37.44953034100007],[-76.24463721199993,37.43058625700007],[-76.2454427369999,37.398187000000064],[-76.2492064889999,37.36342859600006],[-76.25764013199995,37.33551034800007],[-76.28070376499994,37.32135135800007],[-76.29825126499992,37.33506919100006],[-76.31895911399994,37.37091705900008],[-76.32164466099994,37.38629791900007],[-76.33356686099995,37.38495514500005],[-76.34805253799993,37.37995026200008],[-76.36611894399994,37.38458893400008],[-76.39659583199995,37.42959219000005],[-76.41515051999994,37.442694403000075],[-76.42821204299992,37.41815827000005],[-76.41681881399995,37.41498444200005],[-76.40929114499994,37.40778229400007],[-76.40461178299995,37.39891185100004],[-76.40147864499994,37.39081452000005],[-76.41169186099995,37.39492422100005],[-76.42251542899993,37.39752838700008],[-76.43317623599995,37.39671458500004],[-76.44249426999994,37.39081452000005],[-76.44758053299995,37.37986888200004],[-76.44273841099994,37.37201569200005],[-76.41588294199994,37.35569896000004],[-76.40855872299994,37.35366445500006],[-76.40343176999994,37.34979889500005],[-76.40147864499994,37.339911200000074],[-76.40648352799991,37.33771393400008],[-76.43504798099991,37.329331773000035],[-76.43504798099991,37.323146877000056],[-76.40265865799995,37.32501862200007],[-76.39403235599991,37.323146877000056],[-76.38609778599994,37.31513092700004],[-76.37686113199993,37.301214911000045],[-76.37189693899995,37.28803131700005],[-76.37850494799994,37.27233238800005],[-76.45743016699993,37.261052619000054],[-76.49602940799991,37.24911484000006],[-76.5093524909999,37.26956583900005],[-76.54000710699995,37.293235775000085],[-76.55468049399991,37.307945059000076],[-76.56163489499994,37.323146877000056],[-76.5742895169999,37.32518138200004],[-76.58202063699991,37.33047109600005],[-76.64248613199993,37.40900299700007],[-76.65819251199991,37.41815827000005],[-76.68089758999992,37.42747630400004],[-76.70010331899994,37.44940827000005],[-76.72984778599994,37.49445221600007],[-76.78107662699995,37.53546784100007],[-76.79027258999992,37.53270091400009],[-76.79539954299992,37.52558014500005],[-76.79767818899995,37.515611070000034],[-76.7981664699999,37.50438060100004],[-76.79409745999993,37.49827708500004],[-76.78477942599994,37.49445221600007],[-76.77367102799991,37.49135976800005],[-76.76463782499991,37.48700592700004],[-76.7219945949999,37.42723216400009],[-76.69078528599994,37.41107819200005],[-76.67638098899994,37.39492422100005],[-76.65477454299992,37.36351146000004],[-76.60622363699991,37.29578910100008],[-76.53352646899992,37.25550466100009],[-76.5043365279999,37.231813782000074],[-76.46807337699994,37.21396628600007],[-76.43229875999992,37.22242394500006],[-76.40298417899993,37.23383209800005],[-76.38560950399994,37.232489325000074],[-76.37360592399995,37.22016022300005],[-76.37580318899995,37.21775950700004],[-76.37840735599991,37.20726146000004],[-76.38023841099994,37.194566148000035],[-76.37975012899994,37.18537018400008],[-76.37315833199995,37.17597077000005],[-76.36172441299993,37.16657135600008],[-76.35106360599991,37.16421133000006],[-76.34626217399995,37.175482489000046],[-76.31725012899994,37.159491278000075],[-76.29820716099994,37.144598700000074],[-76.29165605399993,37.130113023000035],[-76.30321204299992,37.12592194200005],[-76.32559160099993,37.11408112200007],[-76.33861243399991,37.10171133000006],[-76.32209225199995,37.09593333500004],[-76.28160559799994,37.10415273600006],[-76.27037512899994,37.097642320000034],[-76.26988684799994,37.06928131700005],[-76.27452551999994,37.048041083000044],[-76.28294837099992,37.028225002000056],[-76.2962133449999,37.01357656500005],[-76.31525631399995,37.007879950000074],[-76.33971106699994,37.00739166900007],[-76.35704505099994,37.00482819200005],[-76.37144934799994,36.99852122600004],[-76.39952551999994,36.97833893400008],[-76.41543535099993,36.97256094000005],[-76.42918860599991,36.97630442900004],[-76.44029700399994,37.01577383000006],[-76.45299231699994,37.030178127000056],[-76.52394065099992,37.05766985000008],[-76.54606356799991,37.08940744800009],[-76.56319125899995,37.08575712800007],[-76.61118758299995,37.119442192000065],[-76.61859618099993,37.13078573100006],[-76.61998450399994,37.14443594000005],[-76.61082923099991,37.17255280200004],[-76.61733964799993,37.19916413000004],[-76.63402258999992,37.220689195000034],[-76.65477454299992,37.23383209800005],[-76.66930091099994,37.22711823100008],[-76.71080481699994,37.22402578300006],[-76.72984778599994,37.22016022300005],[-76.73521887899994,37.21320221600007],[-76.73875891799992,37.20331452000005],[-76.74376380099994,37.19749583500004],[-76.75377356699994,37.20307038000004],[-76.75845292899993,37.21124909100007],[-76.76207434799994,37.22142161700009],[-76.76667232999995,37.230129299000055],[-76.77424068899995,37.23383209800005],[-76.79181881399995,37.23696523600006],[-76.82896887899994,37.25104401200008],[-76.84284420499995,37.25429922100005],[-76.85558020699995,37.26243724200009],[-76.85741126199991,37.28188711100006],[-76.85631262899994,37.304673570000034],[-76.86021887899994,37.323146877000056],[-76.86986243399991,37.31549713700008],[-76.87352454299992,37.30516185100004],[-76.87319902299993,37.27846914300005],[-76.87816321499992,37.26898834800005],[-76.88923092399995,37.25918203300006],[-76.90802975199995,37.24746328300006],[-76.93146725199995,37.24526601800005],[-76.94395911399994,37.25604889500005],[-76.95303300699993,37.27362702000005],[-76.98192298099991,37.31240469000005],[-76.99054928299995,37.32025788000004],[-77.00357011599993,37.323146877000056],[-77.01451575399994,37.31875234600005],[-77.04552161399994,37.29840729400007],[-77.05199133999992,37.29181549700007],[-77.05549068899995,37.287176825000074],[-77.06289628799993,37.29702383000006],[-77.07017981699994,37.31028880400004],[-77.07249915299991,37.31635163000004],[-77.08275305899991,37.32440827000005],[-77.09105383999992,37.327826239000046],[-77.10033118399991,37.32709381700005],[-77.11343339799993,37.323146877000056],[-77.13442949099993,37.31688060100004],[-77.14443925699993,37.31635163000004],[-77.15526282499991,37.318345445000034],[-77.17267818899995,37.327337958000044],[-77.17833411399994,37.329331773000035],[-77.22008216099994,37.32851797100005],[-77.23497473899994,37.33417389500005],[-77.25059973899994,37.34983958500004],[-77.27794348899994,37.329331773000035],[-77.27432206899994,37.31635163000004],[-77.26488196499992,37.31118398600006],[-77.25511633999992,37.30927155200004],[-77.25059973899994,37.30609772300005],[-77.2395727199999,37.308661200000074],[-77.17491614499994,37.288397528000075],[-77.08922278599994,37.288397528000075],[-77.0833227199999,37.283270575000074],[-77.07616126199991,37.27326080900008],[-77.06712805899991,37.266506252000056],[-77.05540930899991,37.27138906500005],[-77.02525794199994,37.29197825700004],[-77.01720130099994,37.29523346600007],[-76.99518795499995,37.28807200700004],[-76.98615475199995,37.26898834800005],[-76.98167883999992,37.24917226800005],[-76.97321529899995,37.23997630400004],[-76.95067298099991,37.23517487200007],[-76.91356360599991,37.21283600500004],[-76.89370683499993,37.20648834800005],[-76.80186926999994,37.20648834800005],[-76.78770911399994,37.200100002000056],[-76.76280842099993,37.16425538500005],[-76.73966803799993,37.15657428500003],[-76.71799497799992,37.15001382100007],[-76.68911699099993,37.18862539300005],[-76.66997219299992,37.18500734700007],[-76.66628434099994,37.14729656500003],[-76.6553371249999,37.10512134700008],[-76.6731485439999,37.06713812700008],[-76.65974336199992,37.04331010800007],[-76.63816695199995,37.03902894600009],[-76.5716039699999,37.02773672100005],[-76.5716039699999,37.021470445000034],[-76.58120683499993,37.01585521000004],[-76.58409583199995,37.013739325000074],[-76.58584550699993,37.007879950000074],[-76.57966061099995,37.003973700000074],[-76.5664770169999,37.00291575700004],[-76.5579320949999,37.000433661000045],[-76.55109615799995,36.99664948100008],[-76.53746497299994,36.986761786000045],[-76.51354392299993,36.965187022000066],[-76.49472187499993,36.95398598100007],[-76.49290930899991,36.943426825000074],[-76.49103756399995,36.93317291900007],[-76.48159745999993,36.921535549000055],[-76.47598222599993,36.907904364000046],[-76.48192298099991,36.89858633000006],[-76.49583899599992,36.88735586100006],[-76.52440344999991,36.87067291900007],[-76.52440344999991,36.86322663000004],[-76.4973852199999,36.865220445000034],[-76.47598222599993,36.87518952000005],[-76.45653235599991,36.887884833000044],[-76.43504798099991,36.89801666900007],[-76.40884355399993,36.902044989000046],[-76.38068600199995,36.90062083500004],[-76.35407467399995,36.89435455900008],[-76.33263098899994,36.88373444200005],[-76.33495032499991,36.87181224200009],[-76.32481848899994,36.86050039300005],[-76.30833899599992,36.85224030200004],[-76.29165605399993,36.84955475500004],[-76.30996660099993,36.870428778000075],[-76.31773841099994,36.88353099200009],[-76.31525631399995,36.894598700000074],[-76.30101477799991,36.91160716400009],[-76.30626380099994,36.917629299000055],[-76.32836609999993,36.929285965000076],[-76.33042585399994,36.94978747500005],[-76.31001452599992,36.95961205200007],[-76.26890134799993,36.961415367000086],[-76.16877193899995,36.92841217700004],[-76.12598559999992,36.91625241700007],[-76.07811438699991,36.91160716400009],[-76.05579919699994,36.918246442000054],[-76.03546916199991,36.934849333000045],[-76.00459196599991,36.932358398000076],[-75.98893008999994,36.911958542000036],[-75.96024079099993,36.80675355900007],[-75.86343339799993,36.59056224200009],[-75.85309811099995,36.54901764500005],[-75.8528539699999,36.54791901200008],[-75.81187903599994,36.38344961100006],[-75.79698645699995,36.34284088700008],[-75.79238847599993,36.32217031500005],[-75.79076087099992,36.298081773000035],[-75.78636633999992,36.28196849200009],[-75.75723222599993,36.23261139500005],[-75.71426347599993,36.12982819200005],[-75.56395423099991,35.89533112200007],[-75.55394446499992,35.85366445500006],[-75.52383378799993,35.79437897300005],[-75.53160559799994,35.79840729400007],[-75.55125891799992,35.805121161000045],[-75.55797278599994,35.808661200000074],[-75.56065833199995,35.815619208000044],[-75.56041419199994,35.82469310100004],[-75.56163489499994,35.83258698100008],[-75.58360755099994,35.843817450000074],[-75.58946692599994,35.86204661700009],[-75.59215247299994,35.89744700700004],[-75.60700436099995,35.923814195000034],[-75.67536373599995,35.99990469000005],[-75.68154863199993,35.99990469000005],[-75.69448808499993,35.99355703300006],[-75.70978756399995,35.99778880400004],[-75.71947180899991,36.00999583500004],[-75.71568762899994,36.02716705900008],[-75.70742753799993,36.016506252000056],[-75.69896399599992,36.014960028000075],[-75.67536373599995,36.02094147300005],[-75.67979895699995,36.03668854400007],[-75.68716386599993,36.050034898000035],[-75.69692949099993,36.05560944200005],[-75.70885169199994,36.04828522300005],[-75.72354081899994,36.05882396000004],[-75.73078365799995,36.07489655200004],[-75.73558508999992,36.092962958000044],[-75.74299068899995,36.10976797100005],[-75.74299068899995,36.116522528000075],[-75.73863684799994,36.14118073100008],[-75.74901282499991,36.17161692900004],[-75.76317298099991,36.201239325000074],[-75.77367102799991,36.234035549000055],[-75.80166581899994,36.27903880400004],[-75.81529700399994,36.29124583500004],[-75.81847083199995,36.29677969000005],[-75.81700598899994,36.30023834800005],[-75.81383216099994,36.30174388200004],[-75.81187903599994,36.30149974200009],[-75.81867428299995,36.32884349200009],[-75.82485917899993,36.39427317900004],[-75.82811438699991,36.407538153000075],[-75.84215247299994,36.43203359600005],[-75.84536699099993,36.449204820000034],[-75.85968990799995,36.47345612200007],[-75.86709550699993,36.50755442900004],[-75.88084876199991,36.54254791900007],[-75.88011633999992,36.54791901200008],[-75.8806453119999,36.549261786000045],[-75.88573157499991,36.56244538000004],[-75.88390051999994,36.57404205900008],[-75.88023841099994,36.58470286700009],[-75.88011633999992,36.59634023600006],[-75.88402258999992,36.60447825700004],[-75.89561926999994,36.61676666900007],[-75.90062415299991,36.624253648000035],[-75.91766823899991,36.67966395000008],[-75.92788652299993,36.70620351800005],[-75.93517005099994,36.712103583000044],[-75.94688880099994,36.718451239000046],[-75.95783443899995,36.71942780200004],[-75.96271725199995,36.70929596600007],[-75.97569739499994,36.60626862200007],[-75.96825110599991,36.551662502000056],[-75.96690833199995,36.54979075700004],[-75.96198482999995,36.542954820000034],[-75.94981848899994,36.54336172100005],[-75.94298255099994,36.54962799700007],[-75.94220943899995,36.55036041900007],[-75.94904537699995,36.56159088700008],[-75.93224036399994,36.570379950000074],[-75.91429602799991,36.575873114000046],[-75.9089656239999,36.54942454600007],[-75.90880286399994,36.54865143400008],[-75.90807044199994,36.52122630400004],[-75.90534420499995,36.51190827000005],[-75.90111243399991,36.50287506700005],[-75.90111243399991,36.49603913000004],[-75.91120357999995,36.49331289300005],[-75.95213782499991,36.49331289300005],[-75.97288977799991,36.499701239000046],[-75.97667395699995,36.51382070500006],[-75.97842363199993,36.52789948100008],[-76.00658118399991,36.54181549700007],[-76.01325436099995,36.55015696800007],[-76.04458574099993,36.589504299000055],[-76.04393469999991,36.57575104400007],[-76.03990637899994,36.56732819200005],[-76.03482011599993,36.55955638200004],[-76.03172766799992,36.55027903900009],[-76.03091386599993,36.54791901200008],[-76.03091386599993,36.53587474200009],[-76.03693600199995,36.51675039300005],[-76.0371801419999,36.50079987200007],[-76.02904212099992,36.48029205900008],[-76.01170813699991,36.460598049000055],[-75.98989824099993,36.443793036000045],[-75.96825110599991,36.432521877000056],[-75.98582923099991,36.42527903900009],[-75.97370357999995,36.40106842700004],[-75.94871985599991,36.37518952000005],[-75.92788652299993,36.36359284100007],[-75.93687903599994,36.37221914300005],[-75.94310462099992,36.37958405200004],[-75.94688880099994,36.38751862200007],[-75.94904537699995,36.397691148000035],[-75.9453832669999,36.39695872600004],[-75.93907630099994,36.40867747600004],[-75.93130449099993,36.42869700700004],[-75.91856848899994,36.429348049000055],[-75.91637122299994,36.40265534100007],[-75.92174231699994,36.356756903000075],[-75.91283118399991,36.34129466400009],[-75.88044186099995,36.30068594000005],[-75.87336178299995,36.28473541900007],[-75.86994381399995,36.27220286700009],[-75.81615149599992,36.15615469000005],[-75.81187903599994,36.14077383000006],[-75.8040258449999,36.12132396000004],[-75.7903539699999,36.099269924000055],[-75.78551184799994,36.08161041900007],[-75.80443274599992,36.07558828300006],[-75.82115637899994,36.08266836100006],[-75.8379613919999,36.09780508000006],[-75.86339270699995,36.12710195500006],[-75.86839758999992,36.13666413000004],[-75.86644446499992,36.14545319200005],[-75.86204993399991,36.15371328300006],[-75.85968990799995,36.16156647300005],[-75.86221269399994,36.17177969000005],[-75.86807206899994,36.18301015800006],[-75.88011633999992,36.19912344000005],[-75.90257727799991,36.21430084800005],[-75.90807044199994,36.219631252000056],[-75.91030839799993,36.22614166900007],[-75.91104081899994,36.24038320500006],[-75.91429602799991,36.24689362200007],[-75.92845618399991,36.25527578300006],[-75.94298255099994,36.26044342700004],[-75.94823157499991,36.26911041900007],[-75.93472245999993,36.28782786700009],[-75.96174068899995,36.30695221600007],[-75.97655188699991,36.31403229400007],[-75.99620520699995,36.31517161700009],[-75.98717200399994,36.29987213700008],[-75.97614498599995,36.293036200000074],[-75.96666419199994,36.284369208000044],[-75.95836341099994,36.24677155200004],[-75.95107988199993,36.22760651200008],[-75.94969641799992,36.21206289300005],[-75.96271725199995,36.205959377000056],[-75.93716386599993,36.18504466400009],[-75.92300370999993,36.17682526200008],[-75.90807044199994,36.17182038000004],[-75.90807044199994,36.16498444200005],[-75.97887122299994,36.18317291900007],[-75.99962317599994,36.18545156500005],[-76.02041581899994,36.191473700000074],[-76.03746497299994,36.20579661700009],[-76.06167558499993,36.236314195000034],[-76.0696508449999,36.241522528000075],[-76.08779863199993,36.24559153900009],[-76.09609941299993,36.25063711100006],[-76.11359615799995,36.26732005400004],[-76.13341223899994,36.281683661000045],[-76.14948482999995,36.28896719000005],[-76.20225989499994,36.30149974200009],[-76.1934301419999,36.30581289300005],[-76.18614661399994,36.312933661000045],[-76.18610592399995,36.319647528000075],[-76.19884192599994,36.32265859600005],[-76.20856686099995,36.31712474200009],[-76.21739661399994,36.30524323100008],[-76.22215735599991,36.29328034100007],[-76.21934973899994,36.28782786700009],[-76.19676673099991,36.28339264500005],[-76.17438717399995,36.272650458000044],[-76.15485592399995,36.25918203300006],[-76.14085852799991,36.24689362200007],[-76.12474524599992,36.22313060100004],[-76.11440995999993,36.21112702000005],[-76.09015865799995,36.20058828300006],[-76.08023027299993,36.17715078300006],[-76.06851152299993,36.17182038000004],[-76.05736243399991,36.16876862200007],[-76.06346594999991,36.16201406500005],[-76.08556067599994,36.15070221600007],[-76.09707597599993,36.14728424700007],[-76.13341223899994,36.14447663000004],[-76.13341223899994,36.13703034100007],[-76.12657630099994,36.13703034100007],[-76.12657630099994,36.13080475500004],[-76.15807044199994,36.12982819200005],[-76.16812089799993,36.13080475500004],[-76.17796790299991,36.134019273000035],[-76.20938066299993,36.149725653000075],[-76.22618567599994,36.172756252000056],[-76.23265540299991,36.17796458500004],[-76.24176998599995,36.180975653000075],[-76.26988684799994,36.19912344000005],[-76.28526770699995,36.211818752000056],[-76.29198157499991,36.21271393400008],[-76.29165605399993,36.19912344000005],[-76.28722083199995,36.19037506700005],[-76.27912350199995,36.18146393400008],[-76.26927649599992,36.17454661700009],[-76.25999915299991,36.17182038000004],[-76.24864661399994,36.163397528000075],[-76.21385657499991,36.12323639500005],[-76.19542395699995,36.10976797100005],[-76.19542395699995,36.103501695000034],[-76.22012285099993,36.09951406500005],[-76.24449622299994,36.103949286000045],[-76.34943600199995,36.14199453300006],[-76.37743079299992,36.156236070000034],[-76.39403235599991,36.17796458500004],[-76.41038977799991,36.17430247600004],[-76.42772376199991,36.18301015800006],[-76.44542395699995,36.196193752000056],[-76.46300208199995,36.205959377000056],[-76.44994055899991,36.18260325700004],[-76.44237219999991,36.172308661000045],[-76.43504798099991,36.16498444200005],[-76.39915930899991,36.14862702000005],[-76.39403235599991,36.14077383000006],[-76.38312740799995,36.130113023000035],[-76.35789954299992,36.11737702000005],[-76.3301488919999,36.10700104400007],[-76.31151282499991,36.103501695000034],[-76.31151282499991,36.09609609600005],[-76.41173255099994,36.08295319200005],[-76.42821204299992,36.07558828300006],[-76.42821204299992,36.06810130400004],[-76.42491614499994,36.06777578300006],[-76.41454016799992,36.06810130400004],[-76.43594316299993,36.048163153000075],[-76.46764075399994,36.030910549000055],[-76.50031490799995,36.01862213700008],[-76.52440344999991,36.01349518400008],[-76.55870520699995,36.011419989000046],[-76.57725989499994,36.01239655200004],[-76.58926347599993,36.017238674000055],[-76.61754309799994,36.05369700700004],[-76.62682044199994,36.06195709800005],[-76.64366614499994,36.038397528000075],[-76.66665605399993,36.038397528000075],[-76.68700110599991,36.05609772300005],[-76.70103919199994,36.110541083000044],[-76.72451738199993,36.15534088700008],[-76.72984778599994,36.181708075000074],[-76.71617591099994,36.22638580900008],[-76.71080481699994,36.236761786000045],[-76.69652258999992,36.250433661000045],[-76.68887285099993,36.25991445500006],[-76.67955481699994,36.287543036000045],[-76.68834387899994,36.30516185100004],[-76.70759029899995,36.31586334800005],[-76.72984778599994,36.32265859600005],[-76.72370357999995,36.31110260600008],[-76.70567786399994,36.294134833000044],[-76.70197506399995,36.28473541900007],[-76.70421301999994,36.271551825000074],[-76.71007239499994,36.263373114000046],[-76.72614498599995,36.25063711100006],[-76.74290930899991,36.231634833000044],[-76.75230872299994,36.21401601800005],[-76.75641842399995,36.19330475500004],[-76.75719153599994,36.12710195500006],[-76.7539770169999,36.116115627000056],[-76.73989824099993,36.09332916900007],[-76.73355058499993,36.06509023600006],[-76.72606360599991,36.05621979400007],[-76.71711178299995,36.04913971600007],[-76.70933997299994,36.04083893400008],[-76.70665442599994,36.02879466400009],[-76.70738684799994,36.01715729400007],[-76.70396887899994,36.00885651200008],[-76.68887285099993,36.00665924700007],[-76.69497636599993,35.99249909100007],[-76.72984778599994,35.95270416900007],[-76.72984778599994,35.94525788000004],[-76.59162350199995,35.94472890800006],[-76.56533769399994,35.93842194200005],[-76.5579320949999,35.93842194200005],[-76.52562415299991,35.955145575000074],[-76.47301184799994,35.972357489000046],[-76.42023678299995,35.98126862200007],[-76.38727779899995,35.97313060100004],[-76.38316809799994,35.96312083500004],[-76.38442949099993,35.95307038000004],[-76.38703365799995,35.94440338700008],[-76.38727779899995,35.93842194200005],[-76.3801977199999,35.93203359600005],[-76.37303626199991,35.93496328300006],[-76.36436926999994,35.94135163000004],[-76.35313880099994,35.94525788000004],[-76.33165442599994,35.941839911000045],[-76.28921464799993,35.925848700000074],[-76.2637426419999,35.92475006700005],[-76.27696692599994,35.937486070000034],[-76.29792232999995,35.94721100500004],[-76.30679277299993,35.95783112200007],[-76.28416907499991,35.97313060100004],[-76.19542395699995,35.99363841400009],[-76.09984290299991,35.99990469000005],[-76.07591712099992,35.995021877000056],[-76.04832923099991,35.983710028000075],[-76.0293676419999,35.96869538000004],[-76.03091386599993,35.95270416900007],[-76.05308997299994,35.96263255400004],[-76.06403561099995,35.95327383000006],[-76.07192949099993,35.91852448100008],[-76.03766842399995,35.92910390800006],[-76.02354895699995,35.93158600500004],[-76.03246008999992,35.90965403900009],[-76.04588782499991,35.88861725500004],[-76.06358801999994,35.87368398600006],[-76.08556067599994,35.87010325700004],[-76.08556067599994,35.863267320000034],[-76.06314042899993,35.84804922100005],[-76.05113684799994,35.819240627000056],[-76.05630449099993,35.793402411000045],[-76.08556067599994,35.78693268400008],[-76.11245683499993,35.794582424000055],[-76.12417558499993,35.794582424000055],[-76.11660722599993,35.78388092700004],[-76.10496985599991,35.77716705900008],[-76.08922278599994,35.77179596600007],[-76.07262122299994,35.76837799700007],[-76.05825761599993,35.76776764500005],[-76.06509355399993,35.76776764500005],[-76.05675208199995,35.76154205900008],[-76.04727128799993,35.74945709800005],[-76.04246985599991,35.73769765800006],[-76.04800370999993,35.73236725500004],[-76.05825761599993,35.72646719000005],[-76.05353756399995,35.71381256700005],[-76.04328365799995,35.702053127000056],[-76.0371801419999,35.69879791900007],[-76.05426998599995,35.68390534100007],[-76.08454342399995,35.68891022300005],[-76.11705481699994,35.698879299000055],[-76.14085852799991,35.69879791900007],[-76.12360592399995,35.673529364000046],[-76.09996497299994,35.66518789300005],[-76.07274329299992,35.66673411700009],[-76.04458574099993,35.671535549000055],[-76.04539954299992,35.66828034100007],[-76.04450436099995,35.66396719000005],[-76.04181881399995,35.65835195500006],[-76.0371801419999,35.65102773600006],[-76.03091386599993,35.65102773600006],[-75.99486243399991,35.73029205900008],[-75.98997962099992,35.76398346600007],[-75.98997962099992,35.88690827000005],[-75.98241126199991,35.895819403000075],[-75.94920813699991,35.91437409100007],[-75.94155839799993,35.92161692900004],[-75.93492591099994,35.92487213700008],[-75.92039954299992,35.91274648600006],[-75.90062415299991,35.89004140800006],[-75.8762914699999,35.87913646000004],[-75.87022864499994,35.87759023600006],[-75.86143958199995,35.88068268400008],[-75.85924231699994,35.88751862200007],[-75.86245683499993,35.89435455900008],[-75.88255774599992,35.90180084800005],[-75.89378821499992,35.91250234600005],[-75.90265865799995,35.925848700000074],[-75.90807044199994,35.93842194200005],[-75.88727779899995,35.934027411000045],[-75.86603756399995,35.92649974200009],[-75.84496008999992,35.92324453300006],[-75.82485917899993,35.93158600500004],[-75.8340551419999,35.93862539300005],[-75.84406490799995,35.94293854400007],[-75.85496985599991,35.94505442900004],[-75.86709550699993,35.94525788000004],[-75.86074785099993,35.952785549000055],[-75.85631262899994,35.961004950000074],[-75.85366777299993,35.97011953300006],[-75.8528539699999,35.97996653900009],[-75.81891842399995,35.96051666900007],[-75.79051673099991,35.932521877000056],[-75.74299068899995,35.87010325700004],[-75.74299068899995,35.85687897300005],[-75.72614498599995,35.83608633000006],[-75.72183183499993,35.82916901200008],[-75.72203528599994,35.81073639500005],[-75.72956295499995,35.79629140800006],[-75.73843339799993,35.782863674000055],[-75.74299068899995,35.76776764500005],[-75.74010169199994,35.75828685100004],[-75.72622636599993,35.74038320500006],[-75.72183183499993,35.72614166900007],[-75.72085527299993,35.70502350500004],[-75.72492428299995,35.69822825700004],[-75.74982662699995,35.69879791900007],[-75.77342688699991,35.696926174000055],[-75.77358964799993,35.68976471600007],[-75.76341712099992,35.671535549000055],[-75.74095618399991,35.643011786000045],[-75.73961341099994,35.63263580900008],[-75.75381425699993,35.61180247600004],[-75.75829016799992,35.60724518400008],[-75.76439368399991,35.60390859600005],[-75.77334550699993,35.60260651200008],[-75.78233801999994,35.59918854400007],[-75.78335527299993,35.591131903000075],[-75.78205318899995,35.58222077000005],[-75.78392493399991,35.57591380400004],[-75.79503333199995,35.57094961100006],[-75.80833899599992,35.56883372600004],[-75.8391820949999,35.56850820500006],[-75.8391820949999,35.57591380400004],[-75.82591712099992,35.58087799700007],[-75.81867428299995,35.582098700000074],[-75.81956946499992,35.58612702000005],[-75.82091223899994,35.589544989000046],[-75.82262122299994,35.592678127000056],[-75.82485917899993,35.595770575000074],[-75.84947669199994,35.58706289300005],[-75.86644446499992,35.59564850500004],[-75.87804114499994,35.61473216400009],[-75.88634192599994,35.63735586100006],[-75.89439856699994,35.62201569200005],[-75.89533443899995,35.60455963700008],[-75.89452063699991,35.58893463700008],[-75.89720618399991,35.57904694200005],[-75.95445716099994,35.53034088700008],[-75.95933997299994,35.528225002000056],[-75.97789466099994,35.52521393400008],[-75.97940019399994,35.51972077000005],[-75.97655188699991,35.512925523000035],[-75.97569739499994,35.507025458000044],[-75.97280839799993,35.50214264500005],[-75.97321529899995,35.49713776200008],[-75.97915605399993,35.48969147300005],[-75.98542232999995,35.48615143400008],[-76.01056881399995,35.47907135600008],[-76.00332597599993,35.46503327000005],[-76.00885982999995,35.45604075700004],[-76.01842200399994,35.44916413000004],[-76.02354895699995,35.44122955900008],[-76.02464758999992,35.42731354400007],[-76.02822831899994,35.41933828300006],[-76.03477942599994,35.41815827000005],[-76.04458574099993,35.42450592700004],[-76.0371801419999,35.431341864000046],[-76.05614173099991,35.441473700000074],[-76.07103430899991,35.42723216400009],[-76.07599850199995,35.40485260600008],[-76.06509355399993,35.390326239000046],[-76.06509355399993,35.38418203300006],[-76.07974199099993,35.38296133000006],[-76.11827551999994,35.37278880400004],[-76.12999426999994,35.36615631700005],[-76.14244544199994,35.35248444200005],[-76.15038001199991,35.34715403900009],[-76.21812903599994,35.348863023000035],[-76.23574785099993,35.353216864000046],[-76.24644934799994,35.37201569200005],[-76.25348873599995,35.37372467700004],[-76.26048743399991,35.370021877000056],[-76.2637426419999,35.35932038000004],[-76.26870683499993,35.34837474200009],[-76.28018144399994,35.35073476800005],[-76.31065833199995,35.36766185100004],[-76.32433020699995,35.393744208000044],[-76.33263098899994,35.403998114000046],[-76.35533606699994,35.41347890800006],[-76.36351477799991,35.40521881700005],[-76.36375891799992,35.39142487200007],[-76.36302649599992,35.38418203300006],[-76.35562089799993,35.37767161700009],[-76.35240637899994,35.36359284100007],[-76.35716712099992,35.34951406500005],[-76.37360592399995,35.34316640800006],[-76.37962805899991,35.35325755400004],[-76.39403235599991,35.36245351800005],[-76.40294348899994,35.36517975500004],[-76.41026770699995,35.36432526200008],[-76.41616777299993,35.36603424700007],[-76.42076575399994,35.37669505400004],[-76.37975012899994,35.37669505400004],[-76.37975012899994,35.38418203300006],[-76.38849850199995,35.39232005400004],[-76.39268958199995,35.40900299700007],[-76.39403235599991,35.44122955900008],[-76.40233313699991,35.45962148600006],[-76.41832434799994,35.464504299000055],[-76.42886308499993,35.457017320000034],[-76.42076575399994,35.43817780200004],[-76.44249426999994,35.403998114000046],[-76.45400956899994,35.410142320000034],[-76.46556555899991,35.41128164300005],[-76.47581946499992,35.40729401200008],[-76.48346920499995,35.397772528000075],[-76.47642981699994,35.39443594000005],[-76.47069251199991,35.38979726800005],[-76.46617591099994,35.38385651200008],[-76.46300208199995,35.37669505400004],[-76.49836178299995,35.39134349200009],[-76.51183020699995,35.40102773600006],[-76.52440344999991,35.417669989000046],[-76.51545162699995,35.41909414300005],[-76.51065019399994,35.42129140800006],[-76.50767981699994,35.425034898000035],[-76.50389563699991,35.431341864000046],[-76.54605058499993,35.44521719000005],[-76.56012936099995,35.45587799700007],[-76.54491126199991,35.466050523000035],[-76.54491126199991,35.47223541900007],[-76.56444251199991,35.48387278900009],[-76.57518469999991,35.49746328300006],[-76.57066809799994,35.50861237200007],[-76.54491126199991,35.51325104400007],[-76.49469967399995,35.50678131700005],[-76.47789466099994,35.51386139500005],[-76.46300208199995,35.54116445500006],[-76.48892167899993,35.536810614000046],[-76.51170813699991,35.53766510600008],[-76.5579320949999,35.548041083000044],[-76.58495032499991,35.549709377000056],[-76.60594641799992,35.54246653900009],[-76.64732825399994,35.520697333000044],[-76.63198808499993,35.51748281500005],[-76.62075761599993,35.51080963700008],[-76.6126195949999,35.50214264500005],[-76.60631262899994,35.49274323100008],[-76.61632239499994,35.471136786000045],[-76.61998450399994,35.466050523000035],[-76.60578365799995,35.452460028000075],[-76.59919186099995,35.44773997600004],[-76.59268144399994,35.44432200700004],[-76.59268144399994,35.43817780200004],[-76.59825598899994,35.43549225500004],[-76.60106360599991,35.43235911700009],[-76.60301673099991,35.42865631700005],[-76.60631262899994,35.42450592700004],[-76.59630286399994,35.421128648000035],[-76.58844967399995,35.416896877000056],[-76.58267167899993,35.41128164300005],[-76.57900956899994,35.403998114000046],[-76.59976152299993,35.39508698100008],[-76.62877356699994,35.39996979400007],[-76.65001380099994,35.415350653000075],[-76.64732825399994,35.43817780200004],[-76.65660559799994,35.43667226800005],[-76.66421464799993,35.43423086100006],[-76.67039954299992,35.43036530200004],[-76.67520097599993,35.42450592700004],[-76.70433508999992,35.43036530200004],[-76.75841223899994,35.418850002000056],[-76.78107662699995,35.42788320500006],[-76.80199133999992,35.44489166900007],[-76.82184811099995,35.45302969000005],[-76.87319902299993,35.458644924000055],[-76.90127519399994,35.46552155200004],[-76.94896399599992,35.487982489000046],[-76.99404863199993,35.49705638200004],[-77.01414954299992,35.50775788000004],[-77.05199133999992,35.534369208000044],[-77.03579667899993,35.50385163000004],[-77.02550208199995,35.491522528000075],[-77.01414954299992,35.48655833500004],[-76.99449622299994,35.48159414300005],[-76.98501542899993,35.46922435100004],[-76.97630774599992,35.43817780200004],[-76.94513912699995,35.452460028000075],[-76.90392005099994,35.44391510600008],[-76.86290442599994,35.42401764500005],[-76.83226477799991,35.403998114000046],[-76.81704667899993,35.39630768400008],[-76.75719153599994,35.38418203300006],[-76.69408118399991,35.35366445500006],[-76.61164303299995,35.33771393400008],[-76.52098548099991,35.31313711100006],[-76.49705969999991,35.31150950700004],[-76.49425208199995,35.30097077000005],[-76.4876195949999,35.29148997600004],[-76.47264563699991,35.277411200000074],[-76.47036699099993,35.27057526200008],[-76.48045813699991,35.25332265800006],[-76.48346920499995,35.24290599200009],[-76.49282792899993,35.230169989000046],[-76.51528886599993,35.23037344000005],[-76.56533769399994,35.239488023000035],[-76.56533769399994,35.233303127000056],[-76.54165605399993,35.22435130400004],[-76.52961178299995,35.217678127000056],[-76.52440344999991,35.20848216400009],[-76.53026282499991,35.19993724200009],[-76.54405676999994,35.20184967700004],[-76.5716039699999,35.21161530200004],[-76.58828691299993,35.20913320500006],[-76.60041256399995,35.20189036700009],[-76.60936438699991,35.194525458000044],[-76.61656653599994,35.191107489000046],[-76.63198808499993,35.19025299700007],[-76.64858964799993,35.187160549000055],[-76.66392981699994,35.180894273000035],[-76.67520097599993,35.17059967700004],[-76.66185462099992,35.16681549700007],[-76.61998450399994,35.16445547100005],[-76.60802161399994,35.159084377000056],[-76.59829667899993,35.152329820000034],[-76.58731035099993,35.149725653000075],[-76.5716039699999,35.15696849200009],[-76.57652747299994,35.15888092700004],[-76.58120683499993,35.16225820500006],[-76.58584550699993,35.16445547100005],[-76.58584550699993,35.17059967700004],[-76.5716039699999,35.17804596600007],[-76.55483964799993,35.149725653000075],[-76.56053626199991,35.12441640800006],[-76.5821020169999,35.105454820000034],[-76.61314856699994,35.096136786000045],[-76.60798092399995,35.07982005400004],[-76.64329993399991,35.05805084800005],[-76.68761145699995,35.03725820500006],[-76.70933997299994,35.023504950000074],[-76.72594153599994,35.00055573100008],[-76.76447506399995,34.98920319200005],[-76.80776933499993,34.98725006700005],[-76.83910071499992,34.99249909100007],[-76.87364661399994,35.008693752000056],[-76.90119381399995,35.02724844000005],[-76.94627844999991,35.06858958500004],[-76.95954342399995,35.07501862200007],[-76.99624589799993,35.08763255400004],[-77.04336503799993,35.14362213700008],[-77.07933508999992,35.15696849200009],[-77.03673255099994,35.099310614000046],[-77.03490149599992,35.08869049700007],[-77.01537024599992,35.08087799700007],[-76.99937903599994,35.062160549000055],[-76.97630774599992,35.01976146000004],[-76.94025631399995,34.979803778000075],[-76.89915930899991,34.964056708000044],[-76.85407467399995,34.95742422100005],[-76.80557206899994,34.94472890800006],[-76.7708227199999,34.92422109600005],[-76.76610266799992,34.917222398000035],[-76.76195227799991,34.91242096600007],[-76.75719153599994,34.90989817900004],[-76.74998938699991,34.91156647300005],[-76.73997962099992,34.92177969000005],[-76.71336829299992,34.92987702000005],[-76.69570878799993,34.943345445000034],[-76.67894446499992,34.95937734600005],[-76.66152910099993,34.97260163000004],[-76.64244544199994,34.98383209800005],[-76.63182532499991,34.98704661700009],[-76.61998450399994,34.98627350500004],[-76.61058508999992,34.980454820000034],[-76.60260982999995,34.97101471600007],[-76.59740149599992,34.962225653000075],[-76.59609941299993,34.958319403000075],[-76.57848059799994,34.950425523000035],[-76.55532792899993,34.936712958000044],[-76.53986568899995,34.932074286000045],[-76.54491126199991,34.95148346600007],[-76.5664770169999,34.97919342700004],[-76.56859290299991,34.99323151200008],[-76.54824785099993,34.999335028000075],[-76.53359941299993,34.99941640800006],[-76.51829993399991,34.997300523000035],[-76.5032445949999,34.989569403000075],[-76.48961341099994,34.97260163000004],[-76.48363196499992,34.98712799700007],[-76.48289954299992,35.001654364000046],[-76.48399817599994,35.015285549000055],[-76.48346920499995,35.02724844000005],[-76.47695878799993,35.041083075000074],[-76.46515865799995,35.059800523000035],[-76.45376542899993,35.07339101800005],[-76.44871985599991,35.071600653000075],[-76.44652258999992,35.06720612200007],[-76.43716386599993,35.05491771000004],[-76.43504798099991,35.05117422100005],[-76.43618730399993,35.041449286000045],[-76.44131425699993,35.02562083500004],[-76.44249426999994,35.01666901200008],[-76.42446855399993,34.99591705900008],[-76.41885331899994,34.98651764500005],[-76.42414303299995,34.98086172100005],[-76.45030676999994,34.96954987200007],[-76.45783443899995,34.97016022300005],[-76.46434485599991,34.968451239000046],[-76.46914628799993,34.958319403000075],[-76.46955318899995,34.94993724200009],[-76.46666419199994,34.94428131700005],[-76.46182206899994,34.94057851800005],[-76.45612545499995,34.93789297100005],[-76.43976803299995,34.938666083000044],[-76.39610755099994,34.95014069200005],[-76.38727779899995,34.94806549700007],[-76.37755286399994,34.96580638200004],[-76.35627193899995,34.971991278000075],[-76.33486894399994,34.973089911000045],[-76.32518469999991,34.97573476800005],[-76.32823645699995,34.99115631700005],[-76.3450414699999,35.01227448100008],[-76.35313880099994,35.02724844000005],[-76.32217363199993,35.01992422100005],[-76.30663001199991,35.003119208000044],[-76.29352779899995,34.984808661000045],[-76.26988684799994,34.97260163000004],[-76.26988684799994,34.96515534100007],[-76.27940833199995,34.95966217700004],[-76.29352779899995,34.943793036000045],[-76.30467688699991,34.93789297100005],[-76.32046464799993,34.937486070000034],[-76.33202063699991,34.94114817900004],[-76.34040279899995,34.93968333500004],[-76.34626217399995,34.92422109600005],[-76.34410559799994,34.914048570000034],[-76.33775794199994,34.90778229400007],[-76.33568274599992,34.89948151200008],[-76.34626217399995,34.883246161000045],[-76.35484778599994,34.87742747600004],[-76.39403235599991,34.86273834800005],[-76.39590410099993,34.86815013200004],[-76.40025794199994,34.87759023600006],[-76.40147864499994,34.883246161000045],[-76.40778561099995,34.883246161000045],[-76.41120357999995,34.87567780200004],[-76.41173255099994,34.858710028000075],[-76.41454016799992,34.84906647300005],[-76.42064368399991,34.839544989000046],[-76.42658443899995,34.83372630400004],[-76.44249426999994,34.82176341400009],[-76.47598222599993,34.78705475500004],[-76.48302161399994,34.78261953300006],[-76.49014238199993,34.77924225500004],[-76.49718176999994,34.774603583000044],[-76.50389563699991,34.76654694200005],[-76.50389563699991,34.76117584800005],[-76.50064042899993,34.755113023000035],[-76.49909420499995,34.748114325000074],[-76.50389563699991,34.73981354400007],[-76.51276607999995,34.734361070000034],[-76.5227758449999,34.73191966400009],[-76.54491126199991,34.732407945000034],[-76.56623287699995,34.73851146000004],[-76.58356686099995,34.751288153000075],[-76.58824622299994,34.76658763200004],[-76.5716039699999,34.78082916900007],[-76.59333248599995,34.79677969000005],[-76.60753333199995,34.81391022300005],[-76.61595618399991,34.816066799000055],[-76.62218176999994,34.73102448100008],[-76.63296464799993,34.70917389500005],[-76.65819251199991,34.721869208000044],[-76.66510982999995,34.741522528000075],[-76.66698157499991,34.76776764500005],[-76.6712133449999,34.79083893400008],[-76.68521074099993,34.80072663000004],[-76.70978756399995,34.796576239000046],[-76.73460852799991,34.78587474200009],[-76.75617428299995,34.770819403000075],[-76.7708227199999,34.75348541900007],[-76.75479081899994,34.75413646000004],[-76.74571692599994,34.75657786700009],[-76.73741614499994,34.76068756700005],[-76.72984778599994,34.76654694200005],[-76.70807857999995,34.738267320000034],[-76.70197506399995,34.72557200700004],[-76.89610755099994,34.73920319200005],[-76.92853756399995,34.721869208000044],[-77.07286536399994,34.68626536700009],[-77.08242753799993,34.680853583000044],[-77.09325110599991,34.676988023000035],[-77.10265051999994,34.683254299000055],[-77.10269120999993,34.69432200700004],[-77.08551998599995,34.705145575000074],[-77.10724850199995,34.732407945000034],[-77.11359615799995,34.75576406500005],[-77.11343339799993,34.75971100500004],[-77.13170325399994,34.76239655200004],[-77.13198808499993,34.74762604400007],[-77.12474524599992,34.73037344000005],[-77.12026933499993,34.72557200700004],[-77.12189693899995,34.708319403000075],[-77.12775631399995,34.69330475500004],[-77.13687089799993,34.68235911700009],[-77.14826412699995,34.67719147300005],[-77.15477454299992,34.67991771000004],[-77.16026770699995,34.68695709800005],[-77.16641191299993,34.692572333000044],[-77.17491614499994,34.691473700000074],[-77.17577063699991,34.68496328300006],[-77.16698157499991,34.66714101800005],[-77.17149817599994,34.66351959800005],[-77.20152747299994,34.65070221600007],[-77.25357011599993,34.59438711100006],[-77.28136145699995,34.58152903900009],[-77.29344641799992,34.57843659100007],[-77.31802324099993,34.56427643400008],[-77.33653723899994,34.56110260600008],[-77.35684160099993,34.57709381700005],[-77.36046301999994,34.578192450000074],[-77.36571204299992,34.582017320000034],[-77.40147864499994,34.589056708000044],[-77.38687089799993,34.603501695000034],[-77.34312903599994,34.631293036000045],[-77.33315995999993,34.64984772300005],[-77.34044348899994,34.66095612200007],[-77.37840735599991,34.70132070500006],[-77.3946020169999,34.71190013200004],[-77.3946020169999,34.71816640800006],[-77.37804114499994,34.71865469000005],[-77.37511145699995,34.724310614000046],[-77.38190670499995,34.73232656500005],[-77.3946020169999,34.73981354400007],[-77.40347245999993,34.74005768400008],[-77.41372636599993,34.73786041900007],[-77.42467200399994,34.74013906500005],[-77.4356176419999,34.75348541900007],[-77.42845618399991,34.701239325000074],[-77.42198645699995,34.68455638200004],[-77.40916907499991,34.69090403900009],[-77.39679928299995,34.68378327000005],[-77.3867895169999,34.67011139500005],[-77.38097083199995,34.656683661000045],[-77.38243567599994,34.632025458000044],[-77.39704342399995,34.620021877000056],[-77.41388912699995,34.61692942900004],[-77.42198645699995,34.619126695000034],[-77.42613684799994,34.62323639500005],[-77.43545488199993,34.62250397300005],[-77.44497636599993,34.61758047100005],[-77.44981848899994,34.60887278900009],[-77.44619706899994,34.600816148000035],[-77.43708248599995,34.58942291900007],[-77.42650305899991,34.57916901200008],[-77.41856848899994,34.57477448100008],[-77.40062415299991,34.57111237200007],[-77.38320878799993,34.56224192900004],[-77.37559973899994,34.55109284100007],[-77.38719641799992,34.540676174000055],[-77.38719641799992,34.53384023600006],[-77.38182532499991,34.530503648000035],[-77.37889563699991,34.52716705900008],[-77.38792883999992,34.522650458000044],[-77.40404212099992,34.517645575000074],[-77.45563717399995,34.50531647300005],[-77.53587805899991,34.46857330900008],[-77.66832434799994,34.376166083000044],[-77.73045813699991,34.31586334800005],[-77.78502356699994,34.24640534100007],[-77.81655839799993,34.222357489000046],[-77.83267167899993,34.207017320000034],[-77.84447180899991,34.174994208000044],[-77.86709550699993,34.13841380400004],[-77.87441972599993,34.122259833000044],[-77.89313717399995,34.01203034100007],[-77.91112219999991,33.95815664300005],[-77.94204667899993,33.93048737200007],[-77.93374589799993,33.948919989000046],[-77.93228105399993,33.95774974200009],[-77.93586178299995,33.96523672100005],[-77.93586178299995,33.97142161700009],[-77.92125403599994,34.00104401200008],[-77.92955481699994,34.07982005400004],[-77.92162024599992,34.108587958000044],[-77.94066321499992,34.147650458000044],[-77.95628821499992,34.19114817900004],[-77.96255449099993,34.19114817900004],[-77.96288001199991,34.16315338700008],[-77.95230058499993,34.09174225500004],[-77.94204667899993,34.067613023000035],[-77.9485570949999,34.05369700700004],[-77.9505102199999,34.037176825000074],[-77.94945227799991,34.00275299700007],[-77.9531957669999,33.989488023000035],[-77.97215735599991,33.95262278900009],[-78.00894120999993,33.90468984600005],[-78.01781165299991,33.89630768400008],[-78.03233801999994,33.892279364000046],[-78.04930579299992,33.893866278000075],[-78.13955644399994,33.91518789300005],[-78.15868079299992,33.91681549700007],[-78.21397864499994,33.91547272300005],[-78.22691809799994,33.92059967700004],[-78.25251217399995,33.925116278000075],[-78.33348548099991,33.91010163000004],[-78.3672582669999,33.91681549700007],[-78.36237545499995,33.92422109600005],[-78.36172441299993,33.93235911700009],[-78.3672582669999,33.95091380400004],[-78.37466386599993,33.95091380400004],[-78.38491777299993,33.92259349200009],[-78.4082738919999,33.91054922100005],[-78.47085527299993,33.89630768400008],[-78.55899003799993,33.86904531500005],[-78.5501195949999,33.879787502000056],[-78.54539954299992,33.88328685100004],[-78.54539954299992,33.889553127000056],[-78.60000566299993,33.875881252000056],[-78.60000566299993,33.86904531500005],[-78.59044348899994,33.867621161000045],[-78.58287512899994,33.863714911000045],[-78.57721920499995,33.85716380400004],[-78.57331295499995,33.84796784100007],[-78.61506100199995,33.845770575000074],[-78.65697180899991,33.83193594000005],[-78.76333574099993,33.778550523000035],[-78.86750240799995,33.70453522300005],[-78.93797766799992,33.64207591400009],[-79.03148352799991,33.53359609600005],[-79.13312740799995,33.41742584800005],[-79.15611731699994,33.37555573100008],[-79.14867102799991,33.368801174000055],[-79.15611731699994,33.35781484600005],[-79.18260657499991,33.24127838700008],[-79.18346106699994,33.21792226800005],[-79.18960527299993,33.21792226800005],[-79.19737708199995,33.23232656500005],[-79.19863847599993,33.268459377000056],[-79.20327714799993,33.286810614000046],[-79.21369381399995,33.30068594000005],[-79.22687740799995,33.306301174000055],[-79.26846269399994,33.306708075000074],[-79.27204342399995,33.317287502000056],[-79.26317298099991,33.340277411000045],[-79.23717200399994,33.38654205900008],[-79.20099850199995,33.42210521000004],[-79.18960527299993,33.430853583000044],[-79.18960527299993,33.43699778900009],[-79.21202551999994,33.42837148600006],[-79.23228919199994,33.412095445000034],[-79.27708899599992,33.35911692900004],[-79.28823808499993,33.33926015800006],[-79.29637610599991,33.31777578300006],[-79.29946855399993,33.29677969000005],[-79.29141191299993,33.27773672100005],[-79.27204342399995,33.26146067900004],[-79.24828040299991,33.25014883000006],[-79.21401933499993,33.24249909100007],[-79.21133378799993,33.23395416900007],[-79.21239173099991,33.222723700000074],[-79.21011308499993,33.21112702000005],[-79.20295162699995,33.19293854400007],[-79.19725501199991,33.18789297100005],[-79.18346106699994,33.18378327000005],[-79.19591223899994,33.17519765800006],[-79.21019446499992,33.16779205900008],[-79.22288977799991,33.15794505400004],[-79.23058020699995,33.142238674000055],[-79.23932857999995,33.149725653000075],[-79.24722245999993,33.16681549700007],[-79.25511633999992,33.17015208500004],[-79.26891028599994,33.166083075000074],[-79.27000891799992,33.15656159100007],[-79.26280676999994,33.14524974200009],[-79.25169837099992,33.135972398000035],[-79.25633704299992,33.13060130400004],[-79.26089433499993,33.12669505400004],[-79.26598059799994,33.12409088700008],[-79.27220618399991,33.122300523000035],[-79.27920488199993,33.13934967700004],[-79.29727128799993,33.14911530200004],[-79.31989498599995,33.15387604400007],[-79.34044348899994,33.15582916900007],[-79.32982337099992,33.14248281500005],[-79.30760657499991,33.13751862200007],[-79.28986568899995,33.13003164300005],[-79.29263261599993,33.108710028000075],[-79.30768795499995,33.095404364000046],[-79.35179602799991,33.07884349200009],[-79.37149003799993,33.06403229400007],[-79.37873287699995,33.04633209800005],[-79.37979081899994,33.029730536000045],[-79.38703365799995,33.01732005400004],[-79.41246497299994,33.01243724200009],[-79.43537350199995,33.010972398000035],[-79.45763098899994,33.006740627000056],[-79.47704016799992,33.000067450000074],[-79.49132239499994,32.991400458000044],[-79.49571692599994,33.00189850500004],[-79.50902258999992,33.02167389500005],[-79.51183020699995,33.02924225500004],[-79.52000891799992,33.04120514500005],[-79.53864498599995,33.03628164300005],[-79.57013912699995,33.01927317900004],[-79.58482825399994,33.01382070500006],[-79.59715735599991,33.00047435100004],[-79.62291419199994,32.95530833500004],[-79.62450110599991,32.94383372600004],[-79.61945553299995,32.93219635600008],[-79.60741126199991,32.91624583500004],[-79.60216223899994,32.92413971600007],[-79.59447180899991,32.930121161000045],[-79.58486894399994,32.93439362200007],[-79.57384192599994,32.936753648000035],[-79.58141028599994,32.92169830900008],[-79.58873450399994,32.914129950000074],[-79.63780676999994,32.890692450000074],[-79.64525305899991,32.88890208500004],[-79.65371660099993,32.88580963700008],[-79.65819251199991,32.87872955900008],[-79.66152910099993,32.87164948100008],[-79.66637122299994,32.868475653000075],[-79.69302324099993,32.86009349200009],[-79.7122289699999,32.84039948100008],[-79.72793535099993,32.81753164300005],[-79.74453691299993,32.79962799700007],[-79.79865475199995,32.773098049000055],[-79.82872473899994,32.76276276200008],[-79.85098222599993,32.75861237200007],[-79.8621313139999,32.76406484600005],[-79.87083899599992,32.77602773600006],[-79.8816625639999,32.787990627000056],[-79.89907792899993,32.793402411000045],[-79.90623938699991,32.800441799000055],[-79.89745032499991,32.81614817900004],[-79.87486731699994,32.84121328300006],[-79.89232337099992,32.854803778000075],[-79.89915930899991,32.85175202000005],[-79.90343176999994,32.844916083000044],[-79.90469316299993,32.837958075000074],[-79.90282141799992,32.83437734600005],[-79.93809973899994,32.85407135600008],[-79.94375566299993,32.85146719000005],[-79.94163977799991,32.837551174000055],[-79.93224036399994,32.812201239000046],[-79.93008378799993,32.79645416900007],[-79.93407141799992,32.78343333500004],[-79.94395911399994,32.78237539300005],[-79.95742753799993,32.789048570000034],[-79.97166907499991,32.79962799700007],[-79.96764075399994,32.785223700000074],[-79.95742753799993,32.77204010600008],[-79.94310462099992,32.76235586100006],[-79.90778561099995,32.755519924000055],[-79.89915930899991,32.748032945000034],[-79.89305579299992,32.73908112200007],[-79.8789770169999,32.73139069200005],[-79.87596594999991,32.73224518400008],[-79.87486731699994,32.73810455900008],[-79.86803137899994,32.73810455900008],[-79.87140865799995,32.708319403000075],[-79.88731848899994,32.68813711100006],[-79.94570878799993,32.65326569200005],[-79.95592200399994,32.64935944200005],[-79.98131262899994,32.64874909100007],[-80.00597083199995,32.65314362200007],[-80.01667232999995,32.65371328300006],[-80.02570553299995,32.64874909100007],[-80.02570553299995,32.64252350500004],[-80.00279700399994,32.62946198100008],[-79.99547278599994,32.61904531500005],[-80.00511633999992,32.61155833500004],[-80.0579320949999,32.60398997600004],[-80.10423743399991,32.59080638200004],[-80.12564042899993,32.587958075000074],[-80.14907792899993,32.58144765800006],[-80.16307532499991,32.57025788000004],[-80.17711341099994,32.56704336100006],[-80.20075436099995,32.58421458500004],[-80.23232988199993,32.612982489000046],[-80.2512914699999,32.62376536700009],[-80.26593990799995,32.62140534100007],[-80.2539770169999,32.60854726800005],[-80.20742753799993,32.57322825700004],[-80.20177161399994,32.571519273000035],[-80.20075436099995,32.56940338700008],[-80.20445716099994,32.560614325000074],[-80.21129309799994,32.552069403000075],[-80.22093665299991,32.54682038000004],[-80.23155676999994,32.54242584800005],[-80.30345618399991,32.49795156500005],[-80.31566321499992,32.49445221600007],[-80.32323157499991,32.48843008000006],[-80.33120683499993,32.486395575000074],[-80.34447180899991,32.49481842700004],[-80.34996497299994,32.505194403000075],[-80.35138912699995,32.51666901200008],[-80.35537675699993,32.52692291900007],[-80.36896725199995,32.53335195500006],[-80.3660375639999,32.516913153000075],[-80.36925208199995,32.49876536700009],[-80.37816321499992,32.48411692900004],[-80.39256751199991,32.47809479400007],[-80.40933183499993,32.48110586100006],[-80.41881262899994,32.488267320000034],[-80.42784583199995,32.497259833000044],[-80.4434301419999,32.50535716400009],[-80.46226966099994,32.50922272300005],[-80.47573808499993,32.509751695000034],[-80.48786373599995,32.51235586100006],[-80.52501380099994,32.54018789300005],[-80.53258216099994,32.54783763200004],[-80.53966223899994,32.560614325000074],[-80.54710852799991,32.560614325000074],[-80.54727128799993,32.548895575000074],[-80.54417883999992,32.53790924700007],[-80.53892981699994,32.52789948100008],[-80.53282630099994,32.51902903900009],[-80.55797278599994,32.51634349200009],[-80.62901770699995,32.52586497600004],[-80.66006425699993,32.52586497600004],[-80.66978919199994,32.521144924000055],[-80.67796790299991,32.51146067900004],[-80.67747962099992,32.49795156500005],[-80.65941321499992,32.50600820500006],[-80.57095292899993,32.49168528900009],[-80.55919348899994,32.49266185100004],[-80.54084225199995,32.496975002000056],[-80.52940833199995,32.49795156500005],[-80.51610266799992,32.495428778000075],[-80.49185136599993,32.48297760600008],[-80.47817949099993,32.47809479400007],[-80.47817949099993,32.47064850500004],[-80.50527910099993,32.472357489000046],[-80.53490149599992,32.470770575000074],[-80.56354732999995,32.46564362200007],[-80.58747311099995,32.45693594000005],[-80.49522864499994,32.45075104400007],[-80.46983801999994,32.44212474200009],[-80.45836341099994,32.423163153000075],[-80.46349036399994,32.40412018400008],[-80.50674394399994,32.388739325000074],[-80.53038489499994,32.37352122600004],[-80.5476781889999,32.357123114000046],[-80.54710852799991,32.34711334800005],[-80.52830969999991,32.348944403000075],[-80.50153561099995,32.35883209800005],[-80.47691809799994,32.371527411000045],[-80.46450761599993,32.38190338700008],[-80.44937089799993,32.39398834800005],[-80.44163977799991,32.401271877000056],[-80.43724524599992,32.409816799000055],[-80.42979895699995,32.409816799000055],[-80.4336645169999,32.39020416900007],[-80.44107011599993,32.366115627000056],[-80.45164954299992,32.350043036000045],[-80.46450761599993,32.35455963700008],[-80.4707738919999,32.35455963700008],[-80.47028561099995,32.349310614000046],[-80.47203528599994,32.348089911000045],[-80.47500566299993,32.34829336100006],[-80.47817949099993,32.34711334800005],[-80.45986894399994,32.33730703300006],[-80.4707738919999,32.32273997600004],[-80.55329342399995,32.27879466400009],[-80.56419837099992,32.27716705900008],[-80.58018958199995,32.27912018400008],[-80.58747311099995,32.27879466400009],[-80.62604732999995,32.262600002000056],[-80.63683020699995,32.266791083000044],[-80.64268958199995,32.29311758000006],[-80.64220130099994,32.319240627000056],[-80.62901770699995,32.38190338700008],[-80.66441809799994,32.36823151200008],[-80.6699926419999,32.37360260600008],[-80.6511938139999,32.44554271000004],[-80.65729732999995,32.46271393400008],[-80.6836645169999,32.46442291900007],[-80.6809789699999,32.45648834800005],[-80.67935136599993,32.45457591400009],[-80.67650305899991,32.45575592700004],[-80.6699926419999,32.45693594000005],[-80.66885331899994,32.45380280200004],[-80.66315670499995,32.45075104400007],[-80.67284094999991,32.439113674000055],[-80.67690995999993,32.42568594000005],[-80.67747962099992,32.35765208500004],[-80.67520097599993,32.34992096600007],[-80.66539466099994,32.333970445000034],[-80.66315670499995,32.323553778000075],[-80.66746985599991,32.30536530200004],[-80.67829342399995,32.302720445000034],[-80.69176184799994,32.30963776200008],[-80.75934811099995,32.36078522300005],[-80.78441321499992,32.41624583500004],[-80.79600989499994,32.45327383000006],[-80.7969457669999,32.47435130400004],[-80.78302975199995,32.49168528900009],[-80.78555253799993,32.49673086100006],[-80.79808508999992,32.49819570500006],[-80.81403561099995,32.50535716400009],[-80.82249915299991,32.51813385600008],[-80.82750403599994,32.53139883000006],[-80.83592688699991,32.54010651200008],[-80.85496985599991,32.539496161000045],[-80.85496985599991,32.53335195500006],[-80.84276282499991,32.52423737200007],[-80.82843990799995,32.49567291900007],[-80.82079016799992,32.48484935100004],[-80.82079016799992,32.47809479400007],[-80.8289281889999,32.45526764500005],[-80.81578528599994,32.419256903000075],[-80.7969457669999,32.38255442900004],[-80.78734290299991,32.35765208500004],[-80.79857337099992,32.333644924000055],[-80.79893958199995,32.31972890800006],[-80.78355872299994,32.31362539300005],[-80.77578691299993,32.30573151200008],[-80.74510657499991,32.258978583000044],[-80.72704016799992,32.26593659100007],[-80.71214758999992,32.263006903000075],[-80.70018469999991,32.25446198100008],[-80.69107011599993,32.24469635600008],[-80.67731686099995,32.22532786700009],[-80.67784583199995,32.21474844000005],[-80.70470130099994,32.190659898000035],[-80.7371313139999,32.15208567900004],[-80.82079016799992,32.10814036700009],[-80.81159420499995,32.14468008000006],[-80.77721106699994,32.20726146000004],[-80.77985592399995,32.24469635600008],[-80.78799394399994,32.23582591400009],[-80.79059811099995,32.224310614000046],[-80.79112708199995,32.211004950000074],[-80.79352779899995,32.196926174000055],[-80.80077063699991,32.18622467700004],[-80.82347571499992,32.16575755400004],[-80.82823645699995,32.159084377000056],[-80.83214270699995,32.13434479400007],[-80.84190833199995,32.11595286700009],[-80.88756262899994,32.06940338700008],[-80.89452063699991,32.05882396000004],[-80.89598548099991,32.04669830900008],[-80.89028886599993,32.03266022300005],[-80.88939368399991,32.03042226800005],[-80.87901770699995,32.02651601800005],[-80.86522376199991,32.02651601800005],[-80.84813391799992,32.02216217700004],[-80.83568274599992,32.00291575700004],[-80.85391191299993,31.982163804000038],[-80.90339107999995,31.950506903000075],[-80.91266842399995,31.955877997000073],[-80.91950436099995,31.965236721000053],[-80.92345130099994,31.97402578300006],[-80.92381751199991,31.977769273000035],[-80.93736731699994,31.97646719000005],[-80.94432532499991,31.969183661000045],[-80.94863847599993,31.96112702000005],[-80.95466061099995,31.95734284100007],[-80.96475175699993,31.94879791900007],[-80.96312415299991,31.93065013200004],[-80.94953365799995,31.913723049000055],[-80.92381751199991,31.90888092700004],[-80.95815995999993,31.879339911000045],[-80.98045813699991,31.865383205000057],[-80.99522864499994,31.864488023000035],[-81.01260331899994,31.87445709800005],[-81.05768795499995,31.88190338700008],[-81.07469641799992,31.888413804000038],[-81.08067786399994,31.896633205000057],[-81.08682206899994,31.90766022300005],[-81.09532630099994,31.916001695000034],[-81.1082250639999,31.91632721600007],[-81.11823482999995,31.90766022300005],[-81.11180579299992,31.89801666900007],[-81.09142005099994,31.88499583500004],[-81.09032141799992,31.87571849200009],[-81.1301977199999,31.86676666900007],[-81.14297441299993,31.85492584800005],[-81.08771725199995,31.847479559000078],[-81.08189856699994,31.84398021000004],[-81.06102454299992,31.826971747000073],[-81.04515540299991,31.827826239000046],[-81.03990637899994,31.826971747000073],[-81.04954993399991,31.81354401200008],[-81.06090247299994,31.78815338700008],[-81.09137936099995,31.754339911000045],[-81.1055395169999,31.742661851000037],[-81.11904863199993,31.737616278000075],[-81.17137610599991,31.73663971600007],[-81.20457923099991,31.741441148000035],[-81.22862708199995,31.75495026200008],[-81.23863684799994,31.76308828300006],[-81.25316321499992,31.77024974200009],[-81.26659094999991,31.772406317000048],[-81.27330481699994,31.76552969000005],[-81.26919511599993,31.751695054000038],[-81.25621497299994,31.74477773600006],[-81.22549394399994,31.737616278000075],[-81.19627844999991,31.717596747000073],[-81.19896399599992,31.69944896000004],[-81.23912512899994,31.66307200700004],[-81.25193865599994,31.647172896000086],[-81.25886506099994,31.632098470000074],[-81.30093339799993,31.570786851000037],[-81.31826995799992,31.56555293000008],[-81.33109136399992,31.552431020000085],[-81.33336581399993,31.54439652700006],[-81.32019641999995,31.52244691900006],[-81.32823718599991,31.50234233000009],[-81.32702173399991,31.49834238300008],[-81.32697315799993,31.49333135100005],[-81.32690522899992,31.486315816000058],[-81.33143251899992,31.46723435000007],[-81.36527667299993,31.437886972000058],[-81.36389932399993,31.415830010000036],[-81.34836936699992,31.38886731000008],[-81.3352302049999,31.366905606000046],[-81.32565726799993,31.34892851400008],[-81.33618268099991,31.34282002100008],[-81.42886308499993,31.352850653000075],[-81.45079505099994,31.361476955000057],[-81.47093665299991,31.372870184000078],[-81.47996985599991,31.374212958000044],[-81.49242102799991,31.367661851000037],[-81.46703040299991,31.347805080000057],[-81.42650305899991,31.332953192000048],[-81.38198808499993,31.32367584800005],[-81.34471594999991,31.32050202000005],[-81.32827714799993,31.315252997000073],[-81.28506425699993,31.287665106000077],[-81.26988684799994,31.27484772300005],[-81.26768958199995,31.258734442000048],[-81.27464758999992,31.235541083000044],[-81.28856360599991,31.22093333500004],[-81.30748450399994,31.230454820000034],[-81.34316972599993,31.18065013200004],[-81.36754309799994,31.153550523000035],[-81.38597571499992,31.141750393000052],[-81.40925045499995,31.14325592700004],[-81.41795813699991,31.148993231000077],[-81.41856848899994,31.160589911000045],[-81.41551673099991,31.20722077000005],[-81.42300370999993,31.219631252000056],[-81.4446508449999,31.216782945000034],[-81.45482337099992,31.206000067000048],[-81.45653235599991,31.19041575700004],[-81.44863847599993,31.150946356000077],[-81.44692949099993,31.130845445000034],[-81.45173092399995,31.11709219000005],[-81.48729407499991,31.133612372000073],[-81.49583899599992,31.126206773000035],[-81.49258378799993,31.113674221000053],[-81.46401933499993,31.10260651200008],[-81.44098873599995,31.081366278000075],[-81.43028723899994,31.073431708000044],[-81.43089758999992,31.09320709800005],[-81.42491614499994,31.104722398000035],[-81.40367591099994,31.12128327000005],[-81.40538489499994,31.09479401200008],[-81.42414303299995,31.025051174000055],[-81.43028723899994,31.025051174000055],[-81.44302324099993,31.044745184000078],[-81.46344967399995,31.067328192000048],[-81.48810787699995,31.08584219000005],[-81.51353919199994,31.09332916900007],[-81.49937903599994,31.074611721000053],[-81.45913652299993,31.03864166900007],[-81.45079505099994,31.021918036000045],[-81.45677649599992,31.001654364000046],[-81.47248287699995,30.991888739000046],[-81.51968339799993,30.984076239000046],[-81.51968339799993,30.976629950000074],[-81.49925696499992,30.96820709800005],[-81.46410071499992,30.968451239000046],[-81.45079505099994,30.96356842700004],[-81.46231035099993,30.94867584800005],[-81.4929906889999,30.918524481000077],[-81.49925696499992,30.905585028000075],[-81.50035559799994,30.900051174000055],[-81.50511633999992,30.88617584800005],[-81.50601152299993,30.881659247000073],[-81.50279700399994,30.871975002000056],[-81.49754798099991,30.866156317000048],[-81.49315344999991,30.859442450000074],[-81.49242102799991,30.846869208000044],[-81.50157630099994,30.850775458000044],[-81.51170813699991,30.853338934000078],[-81.52232825399994,30.854437567000048],[-81.53335527299993,30.85370514500005],[-81.53335527299993,30.846869208000044],[-81.51903235599991,30.841782945000034],[-81.51488196499992,30.832017320000034],[-81.51504472599993,30.819484768000052],[-81.51353919199994,30.805975653000075],[-81.50865637899994,30.79677969000005],[-81.49673417899993,30.783351955000057],[-81.49242102799991,30.77179596600007],[-81.49478105399993,30.749212958000044],[-81.5012914699999,30.724351304000038],[-81.5000300769999,30.712184963000084],[-81.49925696499992,30.704331773000035],[-81.47565670499995,30.69603099200009],[-81.46934973899994,30.69717031500005],[-81.45563717399995,30.70180898600006],[-81.44774329299992,30.702866929000038],[-81.4402563139999,30.70075104400007],[-81.43822180899991,30.69603099200009],[-81.43761145699995,30.691351630000042],[-81.43407141799992,30.689195054000038],[-81.42857825399994,30.681708075000074],[-81.43053137899994,30.66474030200004],[-81.43781490799995,30.63776276200008],[-81.44151770699995,30.55304596600007],[-81.43781490799995,30.52411530200004],[-81.45384680899991,30.534491278000075],[-81.46190344999991,30.548529364000046],[-81.46471106699994,30.566839911000045],[-81.46507727799991,30.589911200000074],[-81.46694902299993,30.600002346000053],[-81.47203528599994,30.61005280200004],[-81.47964433499993,30.61786530200004],[-81.48900305899991,30.62099844000005],[-81.49795488199993,30.617661851000037],[-81.49998938699991,30.609361070000034],[-81.49925696499992,30.586818752000056],[-81.50153561099995,30.569281317000048],[-81.50031490799995,30.551255601000037],[-81.49258378799993,30.537258205000057],[-81.47565670499995,30.53156159100007],[-81.47492428299995,30.52765534100007],[-81.44774329299992,30.50800202000005],[-81.44163977799991,30.500148830000057],[-81.43512936099995,30.484849351000037],[-81.43028723899994,30.476996161000045],[-81.42446855399993,30.471584377000056],[-81.41954505099994,30.469305731000077],[-81.41494706899994,30.465725002000056],[-81.40982011599993,30.45648834800005],[-81.40636145699995,30.44358958500004],[-81.40982011599993,30.411444403000075],[-81.40660559799994,30.40582916900007],[-81.39956620999993,30.400539455000057],[-81.39256751199991,30.393866278000075],[-81.38939368399991,30.38422272300005],[-81.39614824099993,30.339789130000042],[-81.39492753799993,30.298570054000038],[-81.36266028599994,30.18895091400009],[-81.35399329299992,30.170803127000056],[-81.32828630199992,30.05283010800008],[-81.28766842399995,29.926174221000053],[-81.29381262899994,29.89411041900007],[-81.28799394399994,29.893011786000045],[-81.2793853689999,29.89954946200004],[-81.2737610019999,29.889873650000084],[-81.27185220699994,29.876151150000055],[-81.26646887899994,29.853216864000046],[-81.26162675699993,29.839016018000052],[-81.25584876199991,29.789455471000053],[-81.25013011399994,29.76959159900008],[-81.23887919999993,29.737301167000055],[-81.22549394399994,29.709784247000073],[-81.2099665689999,29.666519134000055],[-81.18907630099994,29.624172268000052],[-81.18464107999995,29.60374583500004],[-81.17829342399995,29.58551666900007],[-81.1379609629999,29.505083211000056],[-81.07191437499995,29.363031525000054],[-81.00628734299994,29.23526970800009],[-80.96266758099995,29.152056322000078],[-80.93212259599994,29.101178684000047],[-80.91454985199994,29.08745048700007],[-80.92210852799991,29.068304755000042],[-80.90933183499993,29.05695221600007],[-80.89175370999993,29.04555898600006],[-80.8828832669999,29.02765534100007],[-80.87767493399991,29.00849030200004],[-80.74322501799992,28.806909903000076],[-80.68004309799994,28.71702708500004],[-80.62706458199995,28.650864976000037],[-80.56761633999992,28.557806708000044],[-80.54308020699995,28.49249909100007],[-80.52822831899994,28.472601630000042],[-80.54043535099993,28.451605536000045],[-80.55842037699995,28.433335679000038],[-80.56761633999992,28.43183014500005],[-80.56969153599994,28.42641836100006],[-80.57526607999995,28.41795482000009],[-80.58275305899991,28.410305080000057],[-80.59089107999995,28.40692780200004],[-80.59406490799995,28.401597398000035],[-80.59471594999991,28.303859768000052],[-80.60171464799993,28.29092031500005],[-80.59430904899995,28.284084377000056],[-80.59683183499993,28.262640692000048],[-80.59219316299993,28.207912502000056],[-80.5711156889999,28.10614655200004],[-80.55663001199991,28.07754140800006],[-80.55329342399995,28.06159088700008],[-80.53233801999994,28.018784898000035],[-80.45189368399991,27.909409898000035],[-80.45091712099992,27.866359768000052],[-80.47500566299993,27.907904364000046],[-80.47817949099993,27.917222398000035],[-80.48232988199993,27.924261786000045],[-80.51231848899994,27.955145575000074],[-80.52159583199995,27.990179755000042],[-80.58063717399995,28.08543528900009],[-80.6106664699999,28.164943752000056],[-80.6199438139999,28.206976630000042],[-80.61790930899991,28.379339911000045],[-80.58788001199991,28.50576406500005],[-80.58706620999993,28.545355536000045],[-80.59430904899995,28.585109768000052],[-80.6004125639999,28.60028717700004],[-80.6094457669999,28.610174872000073],[-80.62303626199991,28.614569403000075],[-80.64268958199995,28.613023179000038],[-80.64606686099995,28.614406643000052],[-80.65086829299992,28.61786530200004],[-80.65664628799993,28.620754299000055],[-80.66315670499995,28.62051015800006],[-80.66380774599992,28.616848049000055],[-80.66250566299993,28.602362372000073],[-80.66315670499995,28.598781643000052],[-80.67503821499992,28.59560781500005],[-80.68394934799994,28.59520091400009],[-80.74779212099992,28.60492584800005],[-80.76593990799995,28.61229075700004],[-80.77985592399995,28.626654364000046],[-80.78425045499995,28.64166901200008],[-80.78425045499995,28.661281643000052],[-80.78038489499994,28.68073151200008],[-80.77301998599995,28.694973049000055],[-80.76561438699991,28.688706773000035],[-80.7571508449999,28.70380280200004],[-80.74925696499992,28.72410716400009],[-80.75234941299993,28.741929429000038],[-80.79527747299994,28.755601304000038],[-80.8289281889999,28.783026434000078],[-80.84813391799992,28.79059479400007],[-80.83193925699993,28.699367580000057],[-80.82079016799992,28.675116278000075],[-80.82079016799992,28.667669989000046],[-80.82823645699995,28.661444403000075],[-80.79747473899994,28.608303127000056],[-80.79352779899995,28.58885325700004],[-80.78966223899994,28.54783763200004],[-80.76610266799992,28.45107656500005],[-80.75682532499991,28.430853583000044],[-80.73827063699991,28.373480536000045],[-80.70881100199995,28.320461330000057],[-80.7012426419999,28.296616929000038],[-80.54110673699992,27.981350002000056],[-80.38097083199995,27.666083075000074],[-80.34536699099993,27.514593817000048],[-80.19782467399995,27.19599030200004],[-80.19701087099992,27.180487372000073],[-80.20579993399991,27.200344143000052],[-80.21715247299994,27.209418036000045],[-80.25723222599993,27.218573309000078],[-80.27961178299995,27.228908596000053],[-80.28648841099994,27.23379140800006],[-80.29271399599992,27.239488023000035],[-80.30101477799991,27.243353583000044],[-80.31432044199994,27.242580471000053],[-80.30842037699995,27.234320380000042],[-80.28302975199995,27.207831122000073],[-80.27594967399995,27.205877997000073],[-80.26016191299993,27.196966864000046],[-80.25161699099993,27.194159247000073],[-80.22899329299992,27.200384833000044],[-80.22126217399995,27.201605536000045],[-80.18333899599992,27.163763739000046],[-80.17699133999992,27.15070221600007],[-80.14879309799994,27.13825104400007],[-80.14240475199995,27.12213776200008],[-80.13927161399994,27.10765208500004],[-80.11510169199994,27.063788153000075],[-80.09459387899994,27.00975169500009],[-80.07555091099994,26.973211981000077],[-80.07412675699993,26.961371161000045],[-80.08128821499992,26.950425523000035],[-80.09154212099992,26.94725169500009],[-80.10338294199994,26.94603099200009],[-80.11510169199994,26.94090403900009],[-80.11510169199994,26.934719143000052],[-80.10240637899994,26.929510809000078],[-80.08031165299991,26.923570054000038],[-80.07070878799993,26.91697825700004],[-80.06432044199994,26.906683661000045],[-80.03823808499993,26.81118398600006],[-80.0384008449999,26.78424713700008],[-80.05361894399994,26.769598700000074],[-80.05361894399994,26.762152411000045],[-80.04051673099991,26.74640534100007],[-80.03453528599994,26.715318101000037],[-80.03237870999993,26.58734772300005],[-80.03807532499991,26.558539130000042],[-80.05361894399994,26.556708075000074],[-80.06208248599995,26.42088450700004],[-80.07188880099994,26.390448309000078],[-80.07412675699993,26.375474351000037],[-80.07315019399994,26.341009833000044],[-80.07506262899994,26.32420482000009],[-80.08092200399994,26.30963776200008],[-80.07770748599995,26.287583726000037],[-80.10265051999994,26.139960028000075],[-80.1121313139999,26.110174872000073],[-80.12877356699994,26.09861888200004],[-80.12877356699994,26.09121328300006],[-80.11278235599991,26.068833726000037],[-80.12877356699994,25.77529531500005],[-80.1355688139999,25.77529531500005],[-80.1355688139999,25.816839911000045],[-80.12877356699994,25.862127997000073],[-80.12926184799994,25.887884833000044],[-80.13243567599994,25.901271877000056],[-80.14061438699991,25.900824286000045],[-80.1765844389999,25.85838450700004],[-80.18272864499994,25.822088934000078],[-80.19546464799993,25.795843817000048],[-80.19619706899994,25.75381094000005],[-80.21068274599992,25.734930731000077],[-80.22126217399995,25.73110586100006],[-80.23094641799992,25.73118724200009],[-80.24071204299992,25.72955963700008],[-80.25161699099993,25.72060781500005],[-80.2551977199999,25.711086330000057],[-80.25690670499995,25.686835028000075],[-80.27757727799991,25.644232489000046],[-80.30687415299991,25.61823151200008],[-80.31041419199994,25.598944403000075],[-80.3113500639999,25.54979075700004],[-80.31745357999995,25.532904364000046],[-80.33397376199991,25.51190827000005],[-80.34243730399993,25.49363841400009],[-80.34430904899995,25.47524648600006],[-80.34105383999992,25.45376211100006],[-80.33649654899995,25.44822825700004],[-80.32945716099994,25.44403717700004],[-80.32567298099991,25.438666083000044],[-80.33372962099992,25.42479075700004],[-80.34105383999992,25.405951239000046],[-80.33291581899994,25.39801666900007],[-80.32042395699995,25.391546942000048],[-80.31309973899994,25.38349030200004],[-80.31432044199994,25.371161200000074],[-80.35073808499993,25.342230536000045],[-80.39586341099994,25.295396226000037],[-80.40062415299991,25.287909247000073],[-80.40249589799993,25.279364325000074],[-80.40591386599993,25.27016836100006],[-80.42300370999993,25.252386786000045],[-80.42418372299994,25.241441148000035],[-80.42690995999993,25.22174713700008],[-80.41478430899991,25.206854559000078],[-80.40196692599994,25.19554271000004],[-80.40249589799993,25.18622467700004],[-80.41755123599995,25.197414455000057],[-80.43712317599994,25.22337474200009],[-80.45091712099992,25.227769273000035],[-80.45079505099994,25.242987372000073],[-80.46642005099994,25.24176666900007],[-80.48619544199994,25.233343817000048],[-80.49864661399994,25.220363674000055],[-80.47691809799994,25.218573309000078],[-80.45872962099992,25.20917389500005],[-80.44664466099994,25.19358958500004],[-80.4434301419999,25.173163153000075],[-80.45091712099992,25.173163153000075],[-80.45400956899994,25.195257880000042],[-80.46914628799993,25.20807526200008],[-80.48892167899993,25.21035390800006],[-80.50617428299995,25.200506903000075],[-80.50926673099991,25.20722077000005],[-80.51366126199991,25.212836005000042],[-80.51919511599993,25.217189846000053],[-80.52599036399994,25.220363674000055],[-80.52236894399994,25.22679271000004],[-80.5196020169999,25.23078034100007],[-80.51500403599994,25.23305898600006],[-80.50617428299995,25.23460521000004],[-80.5071508449999,25.23891836100006],[-80.50837154899995,25.24176666900007],[-80.51231848899994,25.24827708500004],[-80.52525794199994,25.246527411000045],[-80.56550045499995,25.24599844000005],[-80.58063717399995,25.241441148000035],[-80.59044348899994,25.22532786700009],[-80.59748287699995,25.20343659100007],[-80.60651607999995,25.188666083000044],[-80.62222245999993,25.19367096600007],[-80.61904863199993,25.195746161000045],[-80.61754309799994,25.19554271000004],[-80.6165258449999,25.19603099200009],[-80.61473548099991,25.200506903000075],[-80.65135657499991,25.193060614000046],[-80.65697180899991,25.189927476000037],[-80.65493730399993,25.180568752000056],[-80.65160071499992,25.17401764500005],[-80.65099036399994,25.16787344000005],[-80.65697180899991,25.159491278000075],[-80.66315670499995,25.159491278000075],[-80.67813066299993,25.16787344000005],[-80.69115149599992,25.16274648600006],[-80.71092688699991,25.14524974200009],[-80.72305253799993,25.143133856000077],[-80.73981686099995,25.143784898000035],[-80.75584876199991,25.14874909100007],[-80.76561438699991,25.159491278000075],[-80.76781165299991,25.155462958000044],[-80.76992753799993,25.152777411000045],[-80.77171790299991,25.14984772300005],[-80.77301998599995,25.14524974200009],[-80.77782141799992,25.148260809000078],[-80.78294837099992,25.15062083500004],[-80.78823808499993,25.153957424000055],[-80.79352779899995,25.159491278000075],[-80.79702714799993,25.151312567000048],[-80.80028235599991,25.148382880000042],[-80.80524654899995,25.14911530200004],[-80.81403561099995,25.152085679000038],[-80.81403561099995,25.159491278000075],[-80.81053626199991,25.167792059000078],[-80.84024003799993,25.17340729400007],[-80.85496985599991,25.18622467700004],[-80.8828832669999,25.16950104400007],[-80.88719641799992,25.168361721000053],[-80.9102270169999,25.14524974200009],[-80.92878170499995,25.14215729400007],[-80.96715247299994,25.141546942000048],[-80.99958248599995,25.13507721600007],[-81.03990637899994,25.13157786700009],[-81.08653723899994,25.12140534100007],[-81.10195878799993,25.124741929000038],[-81.14915930899991,25.165716864000046],[-81.16551673099991,25.19725169500009],[-81.17711341099994,25.227769273000035],[-81.17577063699991,25.259019273000035],[-81.1648656889999,25.298081773000035],[-81.14834550699993,25.331203518000052],[-81.12995357999995,25.34446849200009],[-81.13609778599994,25.330226955000057],[-81.12401282499991,25.327948309000078],[-81.1121313139999,25.320746161000045],[-81.10191809799994,25.311712958000044],[-81.09512285099993,25.303534247000073],[-81.07787024599992,25.27285390800006],[-81.07469641799992,25.27244700700004],[-81.06175696499992,25.264227606000077],[-80.98525956899994,25.23460521000004],[-80.98525956899994,25.227769273000035],[-80.99083411399994,25.22614166900007],[-81.00011145699995,25.22207265800006],[-81.00576738199993,25.220363674000055],[-81.00576738199993,25.214178778000075],[-80.98802649599992,25.207505601000037],[-80.96629798099991,25.206854559000078],[-80.9446508449999,25.21230703300006],[-80.92723548099991,25.22406647300005],[-80.91722571499992,25.245754299000055],[-80.92414303299995,25.26357656500005],[-80.98078365799995,25.318304755000042],[-80.99913489499994,25.327053127000056],[-81.03429114499994,25.332464911000045],[-81.05166581899994,25.342230536000045],[-81.05728105399993,25.34446849200009],[-81.09512285099993,25.351304429000038],[-81.14134680899991,25.38475169500009],[-81.14915930899991,25.395412502000056],[-81.15038001199991,25.405951239000046],[-81.15542558499993,25.426581122000073],[-81.15660559799994,25.436346747000073],[-81.17088782499991,25.47483958500004],[-81.20343990799995,25.50800202000005],[-81.21467037699995,25.52757396000004],[-81.19595292899993,25.538885809000078],[-81.18993079299992,25.545355536000045],[-81.18610592399995,25.553168036000045],[-81.18765214799993,25.560207424000055],[-81.19725501199991,25.564276434000078],[-81.2200414699999,25.55927155200004],[-81.23167883999992,25.563625393000052],[-81.23542232999995,25.573146877000056],[-81.24596106699994,25.61823151200008],[-81.26671301999994,25.652818101000037],[-81.26646887899994,25.66665273600006],[-81.2747289699999,25.674709377000056],[-81.27843176999994,25.685980536000045],[-81.27953040299991,25.70416901200008],[-81.31314042899993,25.706203518000052],[-81.32168535099993,25.707586981000077],[-81.32835852799991,25.716050523000035],[-81.34024003799993,25.74286530200004],[-81.34471594999991,25.748521226000037],[-81.35724850199995,25.75348541900007],[-81.34797115799995,25.76463450700004],[-81.32168535099993,25.78270091400009],[-81.32933508999992,25.79047272300005],[-81.3484594389999,25.816839911000045],[-81.37214107999995,25.83612702000005],[-81.39614824099993,25.851629950000074],[-81.40904700399994,25.856350002000056],[-81.43834387899994,25.86131419500009],[-81.45079505099994,25.86587148600006],[-81.46214758999992,25.87449778900009],[-81.47520911399994,25.891017971000053],[-81.48558508999992,25.89940013200004],[-81.49876868399991,25.88670482000009],[-81.50951087099992,25.89081452000005],[-81.52106686099995,25.90106842700004],[-81.54157467399995,25.90892161700009],[-81.55528723899994,25.918361721000053],[-81.56407630099994,25.920477606000077],[-81.56822669199994,25.91864655200004],[-81.57990475199995,25.909857489000046],[-81.58800208199995,25.90688711100006],[-81.58381100199995,25.91437409100007],[-81.58397376199991,25.917303778000075],[-81.58617102799991,25.91982656500005],[-81.58800208199995,25.92609284100007],[-81.59642493399991,25.923773505000042],[-81.60741126199991,25.927394924000055],[-81.61742102799991,25.93553294500009],[-81.62271074099993,25.94717031500005],[-81.63280188699991,25.940008856000077],[-81.64037024599992,25.926255601000037],[-81.65005449099993,25.920477606000077],[-81.66242428299995,25.91819896000004],[-81.67430579299992,25.91990794500009],[-81.68431555899991,25.925116278000075],[-81.69102942599994,25.933539130000042],[-81.69444739499994,25.92792389500005],[-81.69786536399994,25.920477606000077],[-81.70030676999994,25.918443101000037],[-81.70579993399991,25.913763739000046],[-81.70531165299991,25.90688711100006],[-81.71149654899995,25.90688711100006],[-81.71849524599992,25.90810781500005],[-81.72223873599995,25.91006094000005],[-81.73200436099995,25.920477606000077],[-81.73582923099991,25.92837148600006],[-81.74254309799994,25.957464911000045],[-81.7285863919999,25.962713934000078],[-81.71666419199994,25.955959377000056],[-81.70567786399994,25.945705471000053],[-81.69444739499994,25.940375067000048],[-81.68504798099991,25.945013739000046],[-81.67540442599994,25.956244208000044],[-81.66779537699995,25.96971263200004],[-81.66437740799995,25.981350002000056],[-81.67918860599991,25.98183828300006],[-81.7019750639999,25.97923411700009],[-81.71149654899995,25.981350002000056],[-81.72248287699995,25.989081122000073],[-81.73167883999992,26.00063711100006],[-81.73436438699991,26.01276276200008],[-81.72573808499993,26.022284247000073],[-81.75438391799992,26.04205963700008],[-81.77009029899995,26.06777578300006],[-81.78722083199995,26.139593817000048],[-81.79149329299992,26.130194403000075],[-81.79369055899991,26.12018463700008],[-81.79417883999992,26.10960521000004],[-81.79344641799992,26.09861888200004],[-81.80089270699995,26.09861888200004],[-81.81899980399993,26.170314846000053],[-81.82754472599993,26.248846747000073],[-81.82135982999995,26.282945054000038],[-81.82140051999994,26.289618231000077],[-81.82213294199994,26.29287344000005],[-81.85179602799991,26.34198639500005],[-81.8555395169999,26.358710028000075],[-81.84870357999995,26.358710028000075],[-81.84870357999995,26.35187409100007],[-81.8418676419999,26.35187409100007],[-81.84386145699995,26.414211330000057],[-81.84870357999995,26.43378327000005],[-81.85594641799992,26.448879299000055],[-81.87584387899994,26.480292059000078],[-81.88280188699991,26.495835679000038],[-81.88243567599994,26.48118724200009],[-81.87848873599995,26.456244208000044],[-81.88280188699991,26.44745514500005],[-81.88731848899994,26.44476959800005],[-81.89403235599991,26.44749583500004],[-81.89867102799991,26.452093817000048],[-81.90330969999991,26.454901434000078],[-81.92373613199993,26.454901434000078],[-81.97838294199994,26.482163804000038],[-81.99156653599994,26.47601959800005],[-81.99469967399995,26.47724030200004],[-82.00011145699995,26.482163804000038],[-82.00633704299992,26.47479889500005],[-82.00865637899994,26.484523830000057],[-82.00885982999995,26.499335028000075],[-82.00617428299995,26.514064846000053],[-82.00011145699995,26.523179429000038],[-81.99596106699994,26.522772528000075],[-81.98924719999991,26.51170482000009],[-81.98208574099993,26.508937893000052],[-81.97447669199994,26.51044342700004],[-81.9700414699999,26.514146226000037],[-81.96572831899994,26.518866278000075],[-81.93846594999991,26.53546784100007],[-81.91177324099993,26.558661200000074],[-81.89305579299992,26.58612702000005],[-81.89708411399994,26.611273505000042],[-81.8855688139999,26.624172268000052],[-81.8418676419999,26.66315338700008],[-81.83812415299991,26.672430731000077],[-81.82917232999995,26.681382554000038],[-81.81798255099994,26.68545156500005],[-81.80772864499994,26.680243231000077],[-81.7976781889999,26.686753648000035],[-81.79010982999995,26.69407786700009],[-81.78453528599994,26.703070380000042],[-81.78038489499994,26.714992580000057],[-81.79531816299993,26.70970286700009],[-81.81920325399994,26.697007554000038],[-81.83812415299991,26.694525458000044],[-81.85460364499994,26.688421942000048],[-81.87389075399994,26.67405833500004],[-81.90672766799992,26.642645575000074],[-81.91759192599994,26.626654364000046],[-81.94774329299992,26.548895575000074],[-81.95173092399995,26.54364655200004],[-81.9597875639999,26.539862372000073],[-81.9832250639999,26.533758856000077],[-81.99266516799992,26.529364325000074],[-81.99266516799992,26.54364655200004],[-82.01276607999995,26.535956122000073],[-82.0266820949999,26.52802155200004],[-82.03905188699991,26.527899481000077],[-82.0547582669999,26.54364655200004],[-82.06309973899994,26.560980536000045],[-82.06126868399991,26.573431708000044],[-82.05614173099991,26.58787669500009],[-82.0547582669999,26.611273505000042],[-82.05968176999994,26.629461981000077],[-82.07725989499994,26.664984442000048],[-82.0821020169999,26.680243231000077],[-82.08128821499992,26.70270416900007],[-82.05687415299991,26.818915106000077],[-82.0547582669999,26.84125397300005],[-82.05703691299993,26.865790106000077],[-82.06456458199995,26.874945380000042],[-82.07811438699991,26.88108958500004],[-82.09850012899994,26.896551825000074],[-82.0969945949999,26.909369208000044],[-82.07750403599994,26.92291901200008],[-82.02757727799991,26.949693101000037],[-82.00572669199994,26.95380280200004],[-81.99640865799995,26.958238023000035],[-81.99083411399994,26.96556224200009],[-81.97838294199994,26.996161200000074],[-81.99510657499991,26.991522528000075],[-82.01683508999992,26.97296784100007],[-82.0574438139999,26.965318101000037],[-82.07457434799994,26.958929755000042],[-82.09268144399994,26.955633856000077],[-82.11558997299994,26.961371161000045],[-82.1199438139999,26.945461330000057],[-82.13198808499993,26.941839911000045],[-82.14452063699991,26.94041575700004],[-82.15029863199993,26.930975653000075],[-82.15518144399994,26.92763906500005],[-82.1660863919999,26.93618398600006],[-82.18443762899994,26.955145575000074],[-82.18073482999995,26.972357489000046],[-82.19098873599995,26.96938711100006],[-82.20738684799994,26.961818752000056],[-82.22232011599993,26.96515534100007],[-82.24201412699995,26.99551015800006],[-82.25328528599994,27.00682200700004],[-82.27383378799993,27.016017971000053],[-82.27090410099993,27.00771719000005],[-82.25914466099994,26.98924388200004],[-82.23021399599992,26.956854559000078],[-82.21922766799992,26.947739976000037],[-82.21178137899994,26.955145575000074],[-82.20128333199995,26.944159247000073],[-82.18732662699995,26.91315338700008],[-82.18101966099994,26.906805731000077],[-82.17568925699993,26.899237372000073],[-82.15990149599992,26.862250067000048],[-82.15094967399995,26.818019924000055],[-82.15025794199994,26.803168036000045],[-82.15656490799995,26.79002513200004],[-82.16559811099995,26.78579336100006],[-82.16901607999995,26.814113674000055],[-82.17764238199993,26.82485586100006],[-82.17857825399994,26.82127513200004],[-82.18431555899991,26.814276434000078],[-82.19188391799992,26.807074286000045],[-82.19810950399994,26.803127346000053],[-82.20107988199993,26.80499909100007],[-82.21076412699995,26.81509023600006],[-82.21548417899993,26.81736888200004],[-82.21861731699994,26.81631094000005],[-82.22044837099992,26.81395091400009],[-82.22321529899995,26.811672268000052],[-82.22915605399993,26.81053294500009],[-82.23607337099992,26.81207916900007],[-82.24551347599993,26.82050202000005],[-82.25340735599991,26.82485586100006],[-82.2676488919999,26.82957591400009],[-82.27456620999993,26.83071523600006],[-82.28380286399994,26.831000067000048],[-82.31383216099994,26.849351304000038],[-82.34292558499993,26.934881903000075],[-82.37002519399994,26.961371161000045],[-82.36693274599992,26.94562409100007],[-82.35362708199995,26.92210521000004],[-82.3489477199999,26.906805731000077],[-82.36099199099993,26.913275458000044],[-82.36595618399991,26.916815497000073],[-82.37002519399994,26.920396226000037],[-82.37661699099993,26.940334377000056],[-82.46715247299994,27.102036851000037],[-82.47720292899993,27.137518622000073],[-82.50088456899994,27.179022528000075],[-82.50658118399991,27.201605536000045],[-82.50182044199994,27.190334377000056],[-82.49819902299993,27.185248114000046],[-82.4929906889999,27.180487372000073],[-82.4929906889999,27.197211005000042],[-82.49632727799991,27.211493231000077],[-82.50316321499992,27.222357489000046],[-82.51341712099992,27.228908596000053],[-82.51341712099992,27.215277411000045],[-82.52086341099994,27.215277411000045],[-82.53262285099993,27.236883856000077],[-82.54918372299994,27.25657786700009],[-82.5618383449999,27.276271877000056],[-82.56187903599994,27.297796942000048],[-82.55760657499991,27.29437897300005],[-82.55406653599994,27.29242584800005],[-82.55089270699995,27.289496161000045],[-82.54759680899991,27.28351471600007],[-82.54076087099992,27.28351471600007],[-82.54190019399994,27.308539130000042],[-82.56273352799991,27.346828518000052],[-82.57363847599993,27.395086981000077],[-82.58788001199991,27.40818919500009],[-82.6067602199999,27.41705963700008],[-82.64541581899994,27.44293854400007],[-82.68272864499994,27.44871653900009],[-82.69839433499993,27.454820054000038],[-82.70982825399994,27.46938711100006],[-82.72915605399993,27.51471588700008],[-82.73253333199995,27.530585028000075],[-82.72569739499994,27.530585028000075],[-82.71051998599995,27.49750397300005],[-82.70523027299993,27.489569403000075],[-82.69481360599991,27.482896226000037],[-82.66836503799993,27.471625067000048],[-82.65746008999992,27.46165599200009],[-82.65013587099992,27.46865469000005],[-82.64549719999991,27.476629950000074],[-82.64366614499994,27.48574453300006],[-82.64439856699994,27.495835679000038],[-82.65062415299991,27.495835679000038],[-82.65770423099991,27.491522528000075],[-82.66490637899994,27.49241771000004],[-82.67178300699993,27.496893622000073],[-82.67788652299993,27.503241278000075],[-82.66075598899994,27.520331122000073],[-82.63630123599995,27.51390208500004],[-82.61050370999993,27.502101955000057],[-82.5891820949999,27.503241278000075],[-82.59947669199994,27.51117584800005],[-82.61042232999995,27.51715729400007],[-82.62254798099991,27.521307684000078],[-82.63695227799991,27.52374909100007],[-82.62140865799995,27.531195380000042],[-82.59203040299991,27.53847890800006],[-82.57860266799992,27.547308661000045],[-82.57241777299993,27.559515692000048],[-82.58820553299995,27.557196356000077],[-82.60098222599993,27.552394924000055],[-82.60419674399992,27.55109284100007],[-82.62267005099994,27.544175523000035],[-82.61778723899994,27.552557684000078],[-82.61514238199993,27.555812893000052],[-82.61131751199991,27.554836330000057],[-82.60570227799991,27.552883205000057],[-82.60342363199993,27.55292389500005],[-82.60118567599994,27.553900458000044],[-82.5891820949999,27.56468333500004],[-82.5918676419999,27.56834544500009],[-82.59601803299995,27.57770416900007],[-82.57457434799994,27.590725002000056],[-82.56460527299993,27.60895416900007],[-82.5574438139999,27.62962474200009],[-82.54417883999992,27.650051174000055],[-82.51667232999995,27.66990794500009],[-82.51341712099992,27.677679755000042],[-82.51012122299994,27.689398505000042],[-82.50218665299991,27.69440338700008],[-82.49307206899994,27.697088934000078],[-82.48615475199995,27.701239325000074],[-82.47036699099993,27.729315497000073],[-82.4656469389999,27.736029364000046],[-82.43773352799991,27.75336334800005],[-82.4304906889999,27.763739325000074],[-82.39818274599992,27.796047268000052],[-82.3899633449999,27.811102606000077],[-82.39268958199995,27.834051825000074],[-82.41246497299994,27.87571849200009],[-82.42174231699994,27.917181708000044],[-82.43374589799993,27.92914459800005],[-82.45116126199991,27.93073151200008],[-82.47183183499993,27.920355536000045],[-82.48070227799991,27.90843333500004],[-82.48485266799992,27.89256419500009],[-82.48615475199995,27.85578034100007],[-82.4798070949999,27.841498114000046],[-82.47809811099995,27.831284898000035],[-82.48273678299995,27.82135651200008],[-82.51829993399991,27.822658596000053],[-82.52708899599992,27.824774481000077],[-82.53962154899995,27.84398021000004],[-82.54092363199993,27.868801174000055],[-82.53453528599994,27.917222398000035],[-82.54112708199995,27.94277578300006],[-82.55882727799991,27.95579661700009],[-82.58495032499991,27.960638739000046],[-82.61644446499992,27.961330471000053],[-82.61644446499992,27.96873607000009],[-82.59601803299995,27.97557200700004],[-82.59601803299995,27.98305898600006],[-82.62352454299992,27.996527411000045],[-82.63621985599991,28.005804755000042],[-82.64439856699994,28.016546942000048],[-82.65062415299991,28.016546942000048],[-82.65094967399995,28.01325104400007],[-82.65062415299991,28.00291575700004],[-82.69098873599995,28.037665106000077],[-82.68834387899994,28.028998114000046],[-82.67979895699995,28.01325104400007],[-82.67788652299993,28.006293036000045],[-82.67910722599993,27.998439846000053],[-82.68415279899995,27.98729075700004],[-82.68472245999993,27.98305898600006],[-82.69054114499994,27.975531317000048],[-82.69033769399994,27.970851955000057],[-82.68130449099993,27.96873607000009],[-82.64439856699994,27.96873607000009],[-82.65684973899994,27.956244208000044],[-82.70274817599994,27.94472890800006],[-82.71886145699995,27.927801825000074],[-82.68024654899995,27.914129950000074],[-82.64321855399993,27.89476146000004],[-82.60472571499992,27.88149648600006],[-82.56187903599994,27.88617584800005],[-82.57079016799992,27.879828192000048],[-82.6028539699999,27.862982489000046],[-82.60130774599992,27.85114166900007],[-82.59581458199995,27.82998281500005],[-82.59601803299995,27.81793854400007],[-82.60016842399995,27.807928778000075],[-82.61363684799994,27.792710679000038],[-82.61644446499992,27.787502346000053],[-82.61790930899991,27.780991929000038],[-82.63011633999992,27.75031159100007],[-82.6231176419999,27.734035549000055],[-82.62657630099994,27.71580638200004],[-82.63776607999995,27.701117255000042],[-82.65404212099992,27.695054429000038],[-82.67247473899994,27.695054429000038],[-82.67926998599995,27.69684479400007],[-82.68472245999993,27.701239325000074],[-82.68708248599995,27.709865627000056],[-82.68602454299992,27.731634833000044],[-82.68785559799994,27.736029364000046],[-82.70921790299991,27.738430080000057],[-82.7215063139999,27.74510325700004],[-82.73936926999994,27.76951732000009],[-82.75719153599994,27.787665106000077],[-82.79596920499995,27.815334377000056],[-82.81509355399993,27.83222077000005],[-82.81883704299992,27.818182684000078],[-82.81069902299993,27.804429429000038],[-82.75133216099994,27.746568101000037],[-82.73936926999994,27.728583075000074],[-82.7246801419999,27.69407786700009],[-82.71800696499992,27.67206452000005],[-82.71886145699995,27.65965403900009],[-82.73131262899994,27.662054755000042],[-82.74254309799994,27.679754950000074],[-82.75055904899995,27.702093817000048],[-82.75365149599992,27.71865469000005],[-82.76748613199993,27.75153229400007],[-82.82852128799993,27.80499909100007],[-82.84239661399994,27.828517971000053],[-82.8445531889999,27.841864325000074],[-82.85391191299993,27.870347398000035],[-82.85606848899994,27.889960028000075],[-82.85228430899991,27.90818919500009],[-82.84316972599993,27.925441799000055],[-82.83202063699991,27.939398505000042],[-82.82188880099994,27.94830963700008],[-82.8313695949999,27.93512604400007],[-82.83849036399994,27.91819896000004],[-82.84072831899994,27.90070221600007],[-82.83556067599994,27.88617584800005],[-82.80223548099991,27.966620184000078],[-82.78034420499995,28.05817291900007],[-82.77904212099992,28.08470286700009],[-82.77623450399994,28.096828518000052],[-82.76732337099992,28.105902411000045],[-82.7766820949999,28.120306708000044],[-82.78246008999992,28.13544342700004],[-82.78774980399993,28.160549221000053],[-82.78848222599993,28.17401764500005],[-82.78734290299991,28.193752346000053],[-82.78282630099994,28.20701732000009],[-82.7735082669999,28.201564846000053],[-82.75991777299993,28.214667059000078],[-82.75381425699993,28.22797272300005],[-82.74620520699995,28.25617096600007],[-82.72492428299995,28.28416575700004],[-82.71678626199991,28.29832591400009],[-82.71886145699995,28.311428127000056],[-82.72264563699991,28.308254299000055],[-82.72549394399994,28.306708075000074],[-82.73253333199995,28.30459219000005],[-82.69668535099993,28.38886139500005],[-82.68472245999993,28.400783596000053],[-82.68472245999993,28.40692780200004],[-82.68590247299994,28.41429271000004],[-82.66421464799993,28.44794342700004],[-82.66307532499991,28.501898505000042],[-82.66079667899993,28.513739325000074],[-82.65050208199995,28.54364655200004],[-82.64712480399993,28.62958405200004],[-82.63695227799991,28.64716217700004],[-82.64077714799993,28.65379466400009],[-82.64378821499992,28.662502346000053],[-82.64435787699995,28.67133209800005],[-82.6406957669999,28.678534247000073],[-82.63243567599994,28.688421942000048],[-82.63194739499994,28.69529857000009],[-82.63499915299991,28.70213450700004],[-82.63695227799991,28.712062893000052],[-82.63695227799991,28.746486721000053],[-82.64020748599995,28.75495026200008],[-82.64720618399991,28.756415106000077],[-82.65420488199993,28.756252346000053],[-82.65746008999992,28.760158596000053],[-82.66222083199995,28.773260809000078],[-82.68203691299993,28.795843817000048],[-82.68472245999993,28.804836330000057],[-82.67100989499994,28.82021719000005],[-82.65501868399991,28.81195709800005],[-82.63011633999992,28.784369208000044],[-82.6375219389999,28.814154364000046],[-82.63853919199994,28.824693101000037],[-82.63109290299991,28.872992255000042],[-82.6336156889999,28.887640692000048],[-82.64439856699994,28.90037669500009],[-82.65123450399994,28.90298086100006],[-82.67027747299994,28.905422268000052],[-82.67788652299993,28.907904364000046],[-82.68517005099994,28.91307200700004],[-82.72716223899994,28.95917389500005],[-82.73228919199994,28.97646719000005],[-82.72569739499994,28.996649481000077],[-82.73778235599991,28.99762604400007],[-82.7493383449999,29.00226471600007],[-82.75511633999992,29.010158596000053],[-82.74990800699993,29.02049388200004],[-82.74718176999994,29.030422268000052],[-82.74705969999991,29.060614325000074],[-82.74620520699995,29.064886786000045],[-82.78335527299993,29.090969143000052],[-82.79474850199995,29.10805898600006],[-82.7735082669999,29.119533596000053],[-82.79051673099991,29.127427476000037],[-82.79849199099993,29.139064846000053],[-82.8008520169999,29.154689846000053],[-82.8008520169999,29.174750067000048],[-82.82070878799993,29.16592031500005],[-82.82872473899994,29.16111888200004],[-82.83336341099994,29.16665273600006],[-82.84463456899994,29.17649974200009],[-82.84923255099994,29.182196356000077],[-82.86888587099992,29.169623114000046],[-82.89195716099994,29.170355536000045],[-82.91429602799991,29.178656317000048],[-82.93175208199995,29.188421942000048],[-82.94351152299993,29.18512604400007],[-82.97183183499993,29.184515692000048],[-82.9863988919999,29.182196356000077],[-83.00422115799995,29.176174221000053],[-83.01113847599993,29.175034898000035],[-83.02391516799992,29.174750067000048],[-83.04067949099993,29.180121161000045],[-83.04527747299994,29.191839911000045],[-83.04605058499993,29.203558661000045],[-83.0515844389999,29.208929755000042],[-83.06582597599993,29.21157461100006],[-83.07371985599991,29.21824778900009],[-83.07298743399991,29.227362372000073],[-83.06151282499991,29.236802476000037],[-83.06895911399994,29.245754299000055],[-83.07567298099991,29.259507554000038],[-83.0847875639999,29.27220286700009],[-83.09902910099993,29.277777411000045],[-83.11440995999993,29.280503648000035],[-83.13231360599991,29.287258205000057],[-83.14826412699995,29.296087958000044],[-83.15770423099991,29.305121161000045],[-83.16124426999994,29.31159088700008],[-83.16356360599991,29.32168203300006],[-83.16515051999994,29.342678127000056],[-83.16787675699993,29.344305731000077],[-83.18504798099991,29.373968817000048],[-83.21568762899994,29.410589911000045],[-83.23281816299993,29.427069403000075],[-83.25328528599994,29.442287502000056],[-83.27818762899994,29.43854401200008],[-83.30573482999995,29.457953192000048],[-83.35631262899994,29.510565497000073],[-83.36660722599993,29.50926341400009],[-83.37950598899994,29.51508209800005],[-83.40477454299992,29.531683661000045],[-83.39989173099991,29.54092031500005],[-83.40099036399994,29.555121161000045],[-83.40562903599994,29.569525458000044],[-83.41152910099993,29.57949453300006],[-83.40111243399991,29.59056224200009],[-83.39464270699995,29.610541083000044],[-83.39297441299993,29.633734442000048],[-83.3972875639999,29.65452708500004],[-83.40892493399991,29.667303778000075],[-83.42593339799993,29.672023830000057],[-83.44591223899994,29.674750067000048],[-83.46617591099994,29.68183014500005],[-83.47484290299991,29.687567450000074],[-83.48664303299995,29.697699286000045],[-83.49351966099994,29.702337958000044],[-83.52765865799995,29.716009833000044],[-83.54381262899994,29.72809479400007],[-83.56200110599991,29.745754299000055],[-83.57677161399994,29.764960028000075],[-83.58287512899994,29.781805731000077],[-83.58385169199994,29.79197825700004],[-83.58910071499992,29.81590403900009],[-83.59337317599994,29.826157945000034],[-83.60277258999992,29.832505601000037],[-83.6121313139999,29.83730703300006],[-83.61636308499993,29.842596747000073],[-83.62490800699993,29.86432526200008],[-83.66246497299994,29.89866771000004],[-83.67100989499994,29.91156647300005],[-83.68057206899994,29.92129140800006],[-83.72447669199994,29.950140692000048],[-83.73680579299992,29.956203518000052],[-83.75413977799991,29.959865627000056],[-83.76646887899994,29.968817450000074],[-83.78770911399994,29.98969147300005],[-83.81159420499995,29.98533763200004],[-83.85643469999991,30.002386786000045],[-83.95059160099993,30.054429429000038],[-84.02403723899994,30.106594143000052],[-84.04356848899994,30.105169989000046],[-84.07575436099995,30.09332916900007],[-84.14761308499993,30.087876695000034],[-84.16820227799991,30.07636139500005],[-84.17833411399994,30.072821356000077],[-84.1836645169999,30.08161041900007],[-84.18814042899993,30.093573309000078],[-84.19579016799992,30.099554755000042],[-84.19880123599995,30.100775458000044],[-84.20042883999992,30.103338934000078],[-84.2031957669999,30.105902411000045],[-84.20913652299993,30.107082424000055],[-84.21556555899991,30.10496653900009],[-84.22126217399995,30.095770575000074],[-84.22716223899994,30.09332916900007],[-84.24767005099994,30.09332916900007],[-84.24722245999993,30.094916083000044],[-84.25039628799993,30.097601630000042],[-84.25536048099991,30.099676825000074],[-84.26065019399994,30.099554755000042],[-84.26964270699995,30.092678127000056],[-84.27794348899994,30.081284898000035],[-84.28368079299992,30.070746161000045],[-84.2852270169999,30.066066799000055],[-84.31688391799992,30.06781647300005],[-84.32852128799993,30.06598541900007],[-84.36436926999994,30.048529364000046],[-84.37071692599994,30.04047272300005],[-84.37051347599993,30.02448151200008],[-84.37706458199995,30.027289130000042],[-84.37979081899994,30.028957424000055],[-84.3836156889999,30.03192780200004],[-84.39102128799993,30.02448151200008],[-84.38727779899995,30.016424872000073],[-84.38670813699991,30.014146226000037],[-84.38825436099995,30.01190827000005],[-84.39102128799993,30.004055080000057],[-84.38784745999993,29.998928127000056],[-84.3836156889999,29.98969147300005],[-84.38072669199994,29.99359772300005],[-84.37360592399995,30.000392971000053],[-84.37051347599993,30.004055080000057],[-84.36412512899994,29.995021877000056],[-84.34386145699995,29.97402578300006],[-84.34630286399994,29.969875393000052],[-84.36021887899994,29.971991278000075],[-84.38512122299994,29.981390692000048],[-84.41905676999994,29.989976304000038],[-84.4383031889999,30.001206773000035],[-84.45352128799993,30.005194403000075],[-84.4661352199999,29.98969147300005],[-84.44994055899991,29.988836981000077],[-84.44644120999993,29.979315497000073],[-84.44517981699994,29.96832916900007],[-84.43569902299993,29.963039455000057],[-84.37393144399994,29.956203518000052],[-84.34300696499992,29.94676341400009],[-84.33608964799993,29.92536041900007],[-84.34898841099994,29.902044989000046],[-84.37734941299993,29.88735586100006],[-84.36782792899993,29.898098049000055],[-84.36367753799993,29.901556708000044],[-84.36367753799993,29.90778229400007],[-84.40135657499991,29.91860586100006],[-84.44253495999993,29.92206452000005],[-84.46206620999993,29.91864655200004],[-84.48106848899994,29.912909247000073],[-84.49718176999994,29.911810614000046],[-84.50837154899995,29.92206452000005],[-84.56297766799992,29.89411041900007],[-84.60435950399994,29.86469147300005],[-84.65318762899994,29.852769273000035],[-84.68321692599994,29.833929755000042],[-84.73363196499992,29.79169342700004],[-84.7461645169999,29.78583405200004],[-84.77293860599991,29.78278229400007],[-84.78823808499993,29.77871328300006],[-84.81191972599993,29.76276276200008],[-84.82787024599992,29.754380601000037],[-84.84723873599995,29.750799872000073],[-84.86099199099993,29.744289455000057],[-84.87535559799994,29.733221747000073],[-84.88662675699993,29.73004791900007],[-84.89126542899993,29.747381903000075],[-84.88695227799991,29.755601304000038],[-84.85716712099992,29.79791901200008],[-84.87328040299991,29.804632880000042],[-84.88646399599992,29.79913971600007],[-84.89940344999991,29.78978099200009],[-84.9148656889999,29.784898179000038],[-84.92813066299993,29.778469143000052],[-84.94579016799992,29.752834377000056],[-84.97093665299991,29.74957916900007],[-84.99107825399994,29.72284577000005],[-85.00426184799994,29.716009833000044],[-85.08364824099993,29.723456122000073],[-85.12425696499992,29.721828518000052],[-85.24071204299992,29.688706773000035],[-85.26231848899994,29.68935781500005],[-85.28563391799992,29.69281647300005],[-85.30785071499992,29.693426825000074],[-85.34609941299993,29.67837148600006],[-85.36583411399994,29.686346747000073],[-85.3821508449999,29.701564846000053],[-85.39159094999991,29.716009833000044],[-85.41063391799992,29.800116278000075],[-85.41348222599993,29.851385809000078],[-85.39842688699991,29.873602606000077],[-85.39574133999992,29.863714911000045],[-85.39842688699991,29.79482656500005],[-85.39586341099994,29.771877346000053],[-85.38878333199995,29.749212958000044],[-85.37779700399994,29.728176174000055],[-85.35147050699993,29.693426825000074],[-85.34398352799991,29.689113674000055],[-85.3301488919999,29.688706773000035],[-85.32054602799991,29.693304755000042],[-85.30894934799994,29.70270416900007],[-85.30186926999994,29.711859442000048],[-85.30557206899994,29.716009833000044],[-85.30654863199993,29.727728583000044],[-85.30215410099993,29.79791901200008],[-85.31167558499993,29.819525458000044],[-85.34361731699994,29.85578034100007],[-85.35057532499991,29.87018463700008],[-85.35651607999995,29.888739325000074],[-85.37083899599992,29.90696849200009],[-85.3887426419999,29.92324453300006],[-85.40518144399994,29.93512604400007],[-85.51976477799991,29.981756903000075],[-85.54918372299994,30.004055080000057],[-85.55426998599995,30.010199286000045],[-85.55785071499992,30.01593659100007],[-85.56053626199991,30.022691148000035],[-85.56285559799994,30.03192780200004],[-85.5554906889999,30.03192780200004],[-85.54401607999995,30.015326239000046],[-85.52342688699991,29.996893622000073],[-85.50015214799993,29.98383209800005],[-85.48033606699994,29.983547268000052],[-85.60789954299992,30.07444896000004],[-85.62120520699995,30.079738674000055],[-85.67088782499991,30.12295156500005],[-85.67955481699994,30.13434479400007],[-85.67153886599993,30.136379299000055],[-85.6106664699999,30.126898505000042],[-85.61143958199995,30.10846588700008],[-85.54600989499994,30.091009833000044],[-85.52871660099993,30.07636139500005],[-85.51268469999991,30.05532461100006],[-85.47752844999991,30.032863674000055],[-85.44237219999991,30.02016836100006],[-85.42634029899995,30.028225002000056],[-85.41832434799994,30.03579336100006],[-85.40225175699993,30.03969961100006],[-85.39049231699994,30.044745184000078],[-85.39500891799992,30.055568752000056],[-85.40200761599993,30.05878327000005],[-85.41836503799993,30.057847398000035],[-85.42634029899995,30.058661200000074],[-85.43053137899994,30.063055731000077],[-85.43000240799995,30.06826406500005],[-85.4309789699999,30.07050202000005],[-85.44001217399995,30.066066799000055],[-85.4519750639999,30.04360586100006],[-85.46206620999993,30.034898179000038],[-85.47691809799994,30.041571356000077],[-85.48591061099995,30.05817291900007],[-85.48387610599991,30.09210846600007],[-85.48778235599991,30.107082424000055],[-85.50560462099992,30.099269924000055],[-85.51268469999991,30.108343817000048],[-85.50894120999993,30.123602606000077],[-85.49461829299992,30.13434479400007],[-85.49461829299992,30.140570380000042],[-85.51349850199995,30.13934967700004],[-85.52887936099995,30.13239166900007],[-85.5442602199999,30.128078518000052],[-85.56285559799994,30.13434479400007],[-85.5633031889999,30.12759023600006],[-85.56517493399991,30.123032945000034],[-85.56761633999992,30.119086005000042],[-85.56969153599994,30.11391836100006],[-85.5833227199999,30.124212958000044],[-85.60521399599992,30.136867580000057],[-85.62828528599994,30.144598700000074],[-85.64541581899994,30.140570380000042],[-85.65306555899991,30.152167059000078],[-85.66258704299992,30.158758856000077],[-85.69737708199995,30.173651434000078],[-85.70543372299994,30.179022528000075],[-85.71271725199995,30.185939846000053],[-85.72052975199995,30.195786851000037],[-85.69920813699991,30.20652903900009],[-85.65729732999995,30.252101955000057],[-85.64199785099993,30.25413646000004],[-85.61807206899994,30.245835679000038],[-85.57921301999994,30.28611888200004],[-85.5554906889999,30.285142320000034],[-85.56794186099995,30.309393622000073],[-85.5769750639999,30.321193752000056],[-85.58678137899994,30.326117255000042],[-85.5965063139999,30.31826406500005],[-85.62075761599993,30.282049872000073],[-85.63857988199993,30.271470445000034],[-85.6433813139999,30.285101630000042],[-85.65489661399994,30.283596096000053],[-85.66942298099991,30.27606842700004],[-85.68325761599993,30.271470445000034],[-85.69473222599993,30.266017971000053],[-85.70173092399995,30.255031643000052],[-85.70864824099993,30.247015692000048],[-85.72052975199995,30.250433661000045],[-85.72032630099994,30.267564195000034],[-85.72940019399994,30.282416083000044],[-85.74254309799994,30.29840729400007],[-85.7547094389999,30.319281317000048],[-85.76598059799994,30.301581122000073],[-85.77757727799991,30.29441966400009],[-85.80923417899993,30.291408596000053],[-85.82555091099994,30.287176825000074],[-85.84390214799993,30.278225002000056],[-85.85435950399994,30.264837958000044],[-85.84715735599991,30.247300523000035],[-85.83177649599992,30.23590729400007],[-85.82046464799993,30.236029364000046],[-85.80719967399995,30.241115627000056],[-85.78571529899995,30.244208075000074],[-85.76724199099993,30.24054596600007],[-85.75597083199995,30.231594143000052],[-85.74669348899994,30.22028229400007],[-85.73420162699995,30.209418036000045],[-85.74913489499994,30.19049713700008],[-85.74136308499993,30.17837148600006],[-85.72301184799994,30.16815827000005],[-85.70628821499992,30.154852606000077],[-85.71373450399994,30.140570380000042],[-85.72638912699995,30.152167059000078],[-85.7344457669999,30.150213934000078],[-85.72834225199995,30.143866278000075],[-85.72052975199995,30.13434479400007],[-85.74425208199995,30.139471747000073],[-85.86449133999992,30.21625397300005],[-85.95006262899994,30.253078518000052],[-86.06598873599995,30.30605703300006],[-86.19286048099991,30.339789130000042],[-86.36481686099995,30.38076406500005],[-86.48497473899994,30.39276764500005],[-86.51089433499993,30.40761953300006],[-86.50975501199991,30.409125067000048],[-86.50987708199995,30.411810614000046],[-86.50877844999991,30.414943752000056],[-86.49303137899994,30.41046784100007],[-86.41266842399995,30.40810781500005],[-86.34715735599991,30.395005601000037],[-86.33482825399994,30.400091864000046],[-86.32721920499995,30.41201406500005],[-86.32188880099994,30.425604559000078],[-86.31639563699991,30.435980536000045],[-86.31167558499993,30.436468817000048],[-86.31041419199994,30.43496328300006],[-86.30955969999991,30.435980536000045],[-86.3054906889999,30.42446523600006],[-86.2981664699999,30.413234768000052],[-86.2871801419999,30.404689846000053],[-86.24193274599992,30.395005601000037],[-86.23574785099993,30.398993231000077],[-86.22923743399991,30.40570709800005],[-86.22630774599992,30.412054755000042],[-86.23106848899994,30.414943752000056],[-86.24649003799993,30.417303778000075],[-86.25845292899993,30.423041083000044],[-86.26089433499993,30.42999909100007],[-86.24815833199995,30.435980536000045],[-86.2344457669999,30.434475002000056],[-86.22008216099994,30.42674388200004],[-86.19286048099991,30.40810781500005],[-86.14517167899993,30.39606354400007],[-86.13512122299994,30.39130280200004],[-86.11742102799991,30.379339911000045],[-86.10777747299994,30.386704820000034],[-86.10659745999993,30.40058014500005],[-86.11436926999994,30.40810781500005],[-86.1153051419999,30.413316148000035],[-86.14565995999993,30.442206122000073],[-86.15147864499994,30.45726146000004],[-86.14631100199995,30.461737372000073],[-86.13898678299995,30.466742255000042],[-86.13825436099995,30.48314036700009],[-86.16441809799994,30.47207265800006],[-86.18203691299993,30.468817450000074],[-86.19493567599994,30.478216864000046],[-86.20714270699995,30.50486888200004],[-86.22325598899994,30.492254950000074],[-86.24331620999993,30.49095286700009],[-86.28600012899994,30.49746328300006],[-86.30528723899994,30.49518463700008],[-86.34854081899994,30.48541901200008],[-86.36790930899991,30.48314036700009],[-86.38219153599994,30.47842031500005],[-86.39468339799993,30.468817450000074],[-86.40835527299993,30.461411851000037],[-86.42625891799992,30.463324286000045],[-86.43980872299994,30.47614166900007],[-86.43521074099993,30.49091217700004],[-86.41266842399995,30.517971096000053],[-86.43663489499994,30.51825592700004],[-86.44640051999994,30.51634349200009],[-86.45360266799992,30.51113515800006],[-86.46043860599991,30.50023021000004],[-86.46983801999994,30.501695054000038],[-86.4798070949999,30.51113515800006],[-86.4883520169999,30.52411530200004],[-86.4876195949999,30.51235586100006],[-86.48253333199995,30.487494208000044],[-86.48460852799991,30.48004791900007],[-86.49498450399994,30.473089911000045],[-86.50690670499995,30.46775950700004],[-86.51976477799991,30.464504299000055],[-86.53270423099991,30.463324286000045],[-86.54165605399993,30.46002838700008],[-86.55406653599994,30.44550202000005],[-86.56651770699995,30.442206122000073],[-86.5899145169999,30.44521719000005],[-86.59117591099994,30.44082265800006],[-86.59072831899994,30.425482489000046],[-86.60228430899991,30.41828034100007],[-86.68008378799993,30.422308661000045],[-86.76138261599993,30.41474030200004],[-86.7825414699999,30.422308661000045],[-86.80459550699993,30.412543036000045],[-86.83291581899994,30.40851471600007],[-86.88898678299995,30.40810781500005],[-87.04450436099995,30.389593817000048],[-87.14395097599993,30.365708726000037],[-87.19408118399991,30.360296942000048],[-87.19005286399994,30.37132396000004],[-87.18358313699991,30.37571849200009],[-87.17544511599993,30.377427476000037],[-87.13809160099993,30.392645575000074],[-87.07774817599994,30.40688711100006],[-87.02310136599993,30.407375393000052],[-87.00523841099994,30.410223700000074],[-86.94017493399991,30.45648834800005],[-86.92699133999992,30.451727606000077],[-86.90835527299993,30.44277578300006],[-86.89378821499992,30.43891022300005],[-86.89240475199995,30.449652411000045],[-86.90453040299991,30.46161530200004],[-86.92520097599993,30.47016022300005],[-86.94758053299995,30.47524648600006],[-86.96442623599995,30.476996161000045],[-86.97337805899991,30.481350002000056],[-86.98680579299992,30.500555731000077],[-86.99136308499993,30.50486888200004],[-87.00121008999992,30.505031643000052],[-87.00869706899994,30.50657786700009],[-87.01353919199994,30.51129791900007],[-87.01528886599993,30.52106354400007],[-87.00934811099995,30.53538646000004],[-86.99474036399994,30.546128648000035],[-86.96068274599992,30.559515692000048],[-86.96149654899995,30.564154364000046],[-86.96271725199995,30.56704336100006],[-86.96812903599994,30.573187567000048],[-86.98721269399994,30.562567450000074],[-86.99754798099991,30.575873114000046],[-87.00845292899993,30.59642161700009],[-87.02961178299995,30.60732656500005],[-87.02013098899994,30.589667059000078],[-87.02122962099992,30.57965729400007],[-87.02643795499995,30.57245514500005],[-87.04784094999991,30.518133856000077],[-87.06045488199993,30.49485911700009],[-87.06753495999993,30.460598049000055],[-87.07738196499992,30.449652411000045],[-87.09292558499993,30.448919989000046],[-87.09837805899991,30.46051666900007],[-87.09675045499995,30.47687409100007],[-87.09097245999993,30.490627346000053],[-87.0977270169999,30.503892320000034],[-87.10118567599994,30.52171458500004],[-87.10960852799991,30.535956122000073],[-87.13133704299992,30.538397528000075],[-87.12950598899994,30.54319896000004],[-87.1270238919999,30.554754950000074],[-87.12511145699995,30.559515692000048],[-87.14224199099993,30.561835028000075],[-87.14928137899994,30.57054271000004],[-87.15440833199995,30.580552476000037],[-87.16612708199995,30.586818752000056],[-87.18057206899994,30.58466217700004],[-87.18419348899994,30.57412344000005],[-87.18040930899991,30.542141018000052],[-87.17613684799994,30.52993398600006],[-87.15733801999994,30.50458405200004],[-87.15306555899991,30.486883856000077],[-87.15680904899995,30.47451406500005],[-87.18040930899991,30.435980536000045],[-87.18663489499994,30.435980536000045],[-87.1887914699999,30.438421942000048],[-87.18984941299993,30.43935781500005],[-87.19408118399991,30.442206122000073],[-87.20238196499992,30.41893138200004],[-87.22154700399994,30.41278717700004],[-87.24413001199991,30.411078192000048],[-87.26292883999992,30.401271877000056],[-87.26537024599992,30.39158763200004],[-87.26235917899993,30.367010809000078],[-87.26602128799993,30.357163804000038],[-87.27476966099994,30.35301341400009],[-87.29991614499994,30.349676825000074],[-87.31012936099995,30.346625067000048],[-87.30654863199993,30.328558661000045],[-87.32884680899991,30.31972890800006],[-87.47105872299994,30.29368724200009],[-87.48827063699991,30.285142320000034],[-87.49640865799995,30.287502346000053],[-87.51846269399994,30.282171942000048],[-87.52920488199993,30.277736721000053],[-87.52920488199993,30.285142320000034],[-87.5176488919999,30.289211330000057],[-87.51073157499991,30.29450104400007],[-87.50475012899994,30.30023834800005],[-87.49571692599994,30.30565013200004],[-87.48424231699994,30.308661200000074],[-87.4473363919999,30.31313711100006],[-87.46442623599995,30.320868231000077],[-87.48204505099994,30.326117255000042],[-87.46983801999994,30.330226955000057],[-87.44505774599992,30.329738674000055],[-87.43301347599993,30.33234284100007],[-87.42145748599995,30.34003327000005],[-87.41392981699994,30.350165106000077],[-87.41454016799992,30.360256252000056],[-87.42682857999995,30.367743231000077],[-87.42682857999995,30.37457916900007],[-87.39736894399994,30.40534088700008],[-87.37877356699994,30.41746653900009],[-87.35484778599994,30.422308661000045],[-87.34561113199993,30.427679755000042],[-87.34483801999994,30.439886786000045],[-87.35008704299992,30.453599351000037],[-87.35850989499994,30.463324286000045],[-87.36709550699993,30.465277411000045],[-87.38707434799994,30.463283596000053],[-87.39574133999992,30.46637604400007],[-87.40269934799994,30.47134023600006],[-87.42682857999995,30.48314036700009],[-87.42682857999995,30.476996161000045],[-87.41958574099993,30.468085028000075],[-87.41193600199995,30.461086330000057],[-87.40294348899994,30.455064195000034],[-87.39207923099991,30.449652411000045],[-87.39952551999994,30.449652411000045],[-87.40111243399991,30.44013092700004],[-87.44391842399995,30.404689846000053],[-87.4544164699999,30.388373114000046],[-87.46157792899993,30.371975002000056],[-87.47370357999995,30.359198309000078],[-87.4988500639999,30.354071356000077],[-87.51357988199993,30.348211981000077],[-87.52253170499995,30.335638739000046],[-87.53408769399994,30.323553778000075],[-87.55719967399995,30.319281317000048],[-87.57286536399994,30.321519273000035],[-87.57725989499994,30.325425523000035],[-87.57823645699995,30.33144765800006],[-87.58385169199994,30.339789130000042],[-87.60122636599993,30.35370514500005],[-87.60558020699995,30.360296942000048],[-87.61180579299992,30.360296942000048],[-87.60997473899994,30.343573309000078],[-87.60326087099992,30.332831122000073],[-87.59927324099993,30.322211005000042],[-87.60558020699995,30.30565013200004],[-87.59447180899991,30.30487702000005],[-87.58360755099994,30.305975653000075],[-87.57359778599994,30.30878327000005],[-87.56456458199995,30.31313711100006],[-87.59015865799995,30.275376695000034],[-87.65453040299991,30.252101955000057],[-87.78648841099994,30.236761786000045],[-87.91030839799993,30.236761786000045],[-87.99840247299994,30.22361888200004],[-88.03014075399994,30.223781643000052],[-88.01817786399994,30.23383209800005],[-87.99575761599993,30.242336330000057],[-87.95750891799992,30.250433661000045],[-87.94884192599994,30.254706122000073],[-87.94294186099995,30.262152411000045],[-87.93578040299991,30.264593817000048],[-87.91454016799992,30.247870184000078],[-87.8750707669999,30.241522528000075],[-87.83820553299995,30.25218333500004],[-87.79234778599994,30.262884833000044],[-87.76423092399995,30.27952708500004],[-87.77623450399994,30.31313711100006],[-87.82347571499992,30.35179271000004],[-87.8308813139999,30.36399974200009],[-87.82835852799991,30.374945380000042],[-87.81956946499992,30.397040106000077],[-87.82127844999991,30.404689846000053],[-87.83039303299995,30.412543036000045],[-87.83446204299992,30.412502346000053],[-87.83788001199991,30.40766022300005],[-87.85114498599995,30.393500067000048],[-87.84959876199991,30.388657945000034],[-87.85073808499993,30.386704820000034],[-87.86563066299993,30.387600002000056],[-87.87710527299993,30.389593817000048],[-87.88703365799995,30.39325592700004],[-87.89574133999992,30.398382880000042],[-87.90347245999993,30.404689846000053],[-87.91136633999992,30.41356028900009],[-87.91657467399995,30.42332591400009],[-87.91934160099993,30.434068101000037],[-87.92027747299994,30.44594961100006],[-87.92332923099991,30.458197333000044],[-87.93008378799993,30.468817450000074],[-87.93712317599994,30.47728099200009],[-87.9407445949999,30.48314036700009],[-87.93883216099994,30.499823309000078],[-87.93065344999991,30.51911041900007],[-87.9199926419999,30.536851304000038],[-87.91030839799993,30.548976955000057],[-87.90689042899993,30.563666083000044],[-87.91246497299994,30.583726304000038],[-87.94253495999993,30.65973541900007],[-87.95384680899991,30.672430731000077],[-87.97549394399994,30.682440497000073],[-87.98818925699993,30.68431224200009],[-87.99889075399994,30.684515692000048],[-88.00625566299993,30.68781159100007],[-88.00902258999992,30.69953034100007],[-88.00869706899994,30.71385325700004],[-88.00987708199995,30.726629950000074],[-88.01598059799994,30.73533763200004],[-88.03014075399994,30.73769765800006],[-88.02281653599994,30.723578192000048],[-88.02301998599995,30.709377346000053],[-88.03014075399994,30.697211005000042],[-88.04381262899994,30.689195054000038],[-88.03766842399995,30.67519765800006],[-88.04328365799995,30.665187893000052],[-88.05256100199995,30.654364325000074],[-88.0574438139999,30.63776276200008],[-88.05874589799993,30.61782461100006],[-88.06289628799993,30.60447825700004],[-88.07030188699991,30.594142971000053],[-88.08104407499991,30.583156643000052],[-88.08458411399994,30.576157945000034],[-88.08556067599994,30.56708405200004],[-88.0847875639999,30.548976955000057],[-88.08682206899994,30.540961005000042],[-88.09630286399994,30.529730536000045],[-88.09837805899991,30.52106354400007],[-88.10049394399994,30.504787502000056],[-88.10993404899995,30.47089264500005],[-88.11204993399991,30.453070380000042],[-88.11021887899994,30.41120026200008],[-88.12010657499991,30.338324286000045],[-88.12633216099994,30.326117255000042],[-88.13768469999991,30.31976959800005],[-88.14224199099993,30.32257721600007],[-88.14391028599994,30.32880280200004],[-88.14614824099993,30.33234284100007],[-88.16685950399994,30.332831122000073],[-88.1673070949999,30.33234284100007],[-88.18407141799992,30.333970445000034],[-88.19408118399991,30.337103583000044],[-88.19566809799994,30.346625067000048],[-88.18712317599994,30.367743231000077],[-88.21629798099991,30.37726471600007],[-88.27794348899994,30.389064846000053],[-88.30382239499994,30.401271877000056],[-88.30532792899993,30.39362213700008],[-88.30711829299992,30.389593817000048],[-88.30899003799993,30.38621653900009],[-88.31126868399991,30.38076406500005],[-88.31749426999994,30.38076406500005],[-88.33543860599991,30.40387604400007],[-88.35533606699994,30.40375397300005],[-88.3777563139999,30.393866278000075],[-88.4031469389999,30.387600002000056],[-88.40733801999994,30.38239166900007],[-88.40656490799995,30.370835679000038],[-88.4075414699999,30.359320380000042],[-88.41738847599993,30.354071356000077],[-88.43053137899994,30.351996161000045],[-88.43675696499992,30.346625067000048],[-88.44090735599991,30.339585679000038],[-88.44782467399995,30.33234284100007],[-88.47057044199994,30.323879299000055],[-88.48770097599993,30.32998281500005],[-88.50625566299993,30.34080638200004],[-88.53319251199991,30.346625067000048],[-88.54613196499992,30.34674713700008],[-88.55846106699994,30.348456122000073],[-88.56773841099994,30.353583075000074],[-88.5742895169999,30.374660549000055],[-88.58755449099993,30.383612372000073],[-88.59121660099993,30.395005601000037],[-88.59870357999995,30.395005601000037],[-88.61693274599992,30.370347398000035],[-88.66222083199995,30.35455963700008],[-88.71165930899991,30.35028717700004],[-88.74205481699994,30.354071356000077],[-88.84585527299993,30.42259349200009],[-88.92764238199993,30.442206122000073],[-88.95189368399991,30.43235911700009],[-88.96605383999992,30.428900458000044],[-88.98228919199994,30.428534247000073],[-88.98228919199994,30.422308661000045],[-88.85936438699991,30.40810781500005],[-88.87608801999994,30.39520905200004],[-88.90713456899994,30.39280833500004],[-88.96861731699994,30.395005601000037],[-88.98232988199993,30.39093659100007],[-89.01341712099992,30.377427476000037],[-89.02696692599994,30.37457916900007],[-89.04356848899994,30.372748114000046],[-89.11473548099991,30.352362372000073],[-89.17788652299993,30.337225653000075],[-89.24022376199991,30.320746161000045],[-89.25348873599995,30.319281317000048],[-89.27098548099991,30.322821356000077],[-89.27334550699993,30.33079661700009],[-89.26488196499992,30.339992580000057],[-89.24974524599992,30.346625067000048],[-89.26797441299993,30.355210679000038],[-89.30016028599994,30.37653229400007],[-89.32176673099991,30.38076406500005],[-89.33193925699993,30.37714264500005],[-89.34496008999992,30.36863841400009],[-89.3548070949999,30.358587958000044],[-89.35558020699995,30.35032786700009],[-89.34727942599994,30.347479559000078],[-89.32359778599994,30.34642161700009],[-89.31867428299995,30.34320709800005],[-89.31834876199991,30.323960679000038],[-89.32054602799991,30.31207916900007],[-89.33023027299993,30.302883205000057],[-89.42105058499993,30.257798570000034],[-89.41380774599992,30.244696356000077],[-89.41808020699995,30.234116929000038],[-89.43472245999993,30.21625397300005],[-89.43781490799995,30.20575592700004],[-89.43858801999994,30.197333075000074],[-89.44253495999993,30.18976471600007],[-89.45518958199995,30.18154531500005],[-89.46202551999994,30.18895091400009],[-89.45677649599992,30.194647528000075],[-89.45954342399995,30.19717031500005],[-89.46825110599991,30.203273830000057],[-89.47687740799995,30.193345445000034],[-89.49107825399994,30.188666083000044],[-89.5059301419999,30.189439195000034],[-89.51667232999995,30.195786851000037],[-89.5235082669999,30.195786851000037],[-89.52599036399994,30.19277578300006],[-89.53636633999992,30.18032461100006],[-89.56550045499995,30.16347890800006],[-89.59593665299991,30.155910549000055],[-89.61290442599994,30.168524481000077],[-89.60317949099993,30.16864655200004],[-89.59691321499992,30.170396226000037],[-89.58556067599994,30.17527903900009],[-89.59601803299995,30.18699778900009],[-89.60977128799993,30.18573639500005],[-89.62584387899994,30.17918528900009],[-89.64329993399991,30.17527903900009],[-89.67638098899994,30.180609442000048],[-89.69225012899994,30.181301174000055],[-89.70840410099993,30.17527903900009],[-89.71544348899994,30.179429429000038],[-89.73607337099992,30.18496328300006],[-89.74323482999995,30.18895091400009],[-89.74815833199995,30.197211005000042],[-89.74754798099991,30.203680731000077],[-89.74486243399991,30.21051666900007],[-89.74323482999995,30.220038153000075],[-89.75145423099991,30.23737213700008],[-89.7703344389999,30.23969147300005],[-89.80467688699991,30.22992584800005],[-89.8262426419999,30.231594143000052],[-89.86204993399991,30.25800202000005],[-89.88377844999991,30.26471588700008],[-89.89476477799991,30.26357656500005],[-89.91356360599991,30.258978583000044],[-89.92442786399994,30.257798570000034],[-89.96914628799993,30.26471588700008],[-89.97850501199991,30.275376695000034],[-89.99982662699995,30.313055731000077],[-90.00389563699991,30.322699286000045],[-90.01268469999991,30.326239325000074],[-90.05850175699993,30.360296942000048],[-90.09601803299995,30.37372467700004],[-90.14346269399994,30.38507721600007],[-90.18944251199991,30.39081452000005],[-90.22240149599992,30.387600002000056],[-90.24547278599994,30.37372467700004],[-90.26842200399994,30.352687893000052],[-90.30557206899994,30.30565013200004],[-90.33116614499994,30.27602773600006],[-90.40501868399991,30.22016022300005],[-90.42845618399991,30.18895091400009],[-90.43297278599994,30.14329661700009],[-90.41405188699991,30.106594143000052],[-90.37999426999994,30.08038971600007],[-90.33910071499992,30.066066799000055],[-90.26622473899994,30.06012604400007],[-90.23102779899995,30.03974030200004],[-90.16836503799993,30.02448151200008],[-90.14517167899993,30.023830471000053],[-90.10448157499991,30.03506094000005],[-90.03697669199994,30.040269273000035],[-90.01626542899993,30.044582424000055],[-89.99644934799994,30.052435614000046],[-89.92731686099995,30.095526434000078],[-89.89952551999994,30.122748114000046],[-89.88044186099995,30.154852606000077],[-89.85728919199994,30.151190497000073],[-89.84927324099993,30.145331122000073],[-89.84626217399995,30.130601304000038],[-89.84072831899994,30.120266018000052],[-89.82762610599991,30.111070054000038],[-89.81167558499993,30.103908596000053],[-89.79784094999991,30.099554755000042],[-89.78880774599992,30.098863023000035],[-89.78624426999994,30.10309479400007],[-89.78351803299995,30.11155833500004],[-89.76158606699994,30.136542059000078],[-89.75283769399994,30.14911530200004],[-89.74693762899994,30.161851304000038],[-89.74323482999995,30.17527903900009],[-89.7363988919999,30.17527903900009],[-89.72891191299993,30.16168854400007],[-89.73924719999991,30.149318752000056],[-89.75035559799994,30.12335846600007],[-89.75690670499995,30.11391836100006],[-89.75413977799991,30.111395575000074],[-89.75031490799995,30.10887278900009],[-89.74640865799995,30.105292059000078],[-89.74323482999995,30.099554755000042],[-89.72956295499995,30.123480536000045],[-89.72891191299993,30.126898505000042],[-89.72280839799993,30.127508856000077],[-89.70767167899993,30.125433661000045],[-89.70225989499994,30.126898505000042],[-89.68846594999991,30.135239976000037],[-89.68342037699995,30.14004140800006],[-89.68114173099991,30.14801666900007],[-89.68358313699991,30.154242255000042],[-89.68911699099993,30.155585028000075],[-89.6941625639999,30.153143622000073],[-89.69481360599991,30.14801666900007],[-89.6985570949999,30.14789459800005],[-89.70645097599993,30.150213934000078],[-89.71198482999995,30.154771226000037],[-89.70840410099993,30.16168854400007],[-89.68114173099991,30.168524481000077],[-89.66738847599993,30.164007880000042],[-89.65001380099994,30.146429755000042],[-89.63955644399994,30.140570380000042],[-89.65294348899994,30.123480536000045],[-89.66649329299992,30.11359284100007],[-89.67690995999993,30.101223049000055],[-89.68114173099991,30.07636139500005],[-89.71051998599995,30.067531643000052],[-89.71898352799991,30.062323309000078],[-89.7219945949999,30.05182526200008],[-89.71861731699994,30.042222398000035],[-89.71792558499993,30.033270575000074],[-89.72891191299993,30.02448151200008],[-89.74767005099994,30.041001695000034],[-89.77358964799993,30.050482489000046],[-89.80044511599993,30.051214911000045],[-89.82209225199995,30.041571356000077],[-89.83511308499993,30.026312567000048],[-89.84040279899995,30.011419989000046],[-89.83893795499995,29.995347398000035],[-89.83193925699993,29.976711330000057],[-89.82192949099993,29.95734284100007],[-89.81114661399994,29.94717031500005],[-89.79434160099993,29.94326406500005],[-89.76683508999992,29.942572333000044],[-89.75121008999992,29.94684479400007],[-89.71662350199995,29.96051666900007],[-89.70840410099993,29.956203518000052],[-89.71092688699991,29.94993724200009],[-89.72524980399993,29.933417059000078],[-89.72891191299993,29.92206452000005],[-89.70531165299991,29.89789459800005],[-89.68651282499991,29.882554429000038],[-89.66454016799992,29.875474351000037],[-89.64159094999991,29.875148830000057],[-89.61969967399995,29.87986888200004],[-89.60240637899994,29.890773830000057],[-89.58690344999991,29.909125067000048],[-89.57559160099993,29.93105703300006],[-89.57127844999991,29.952460028000075],[-89.57119706899994,29.98847077000005],[-89.56558183499993,30.000921942000048],[-89.55142167899993,30.011419989000046],[-89.54161536399994,30.014878648000035],[-89.52114824099993,30.019354559000078],[-89.51048743399991,30.02448151200008],[-89.50308183499993,30.03074778900009],[-89.49889075399994,30.037095445000034],[-89.4954320949999,30.044134833000044],[-89.48997962099992,30.052435614000046],[-89.48827063699991,30.057806708000044],[-89.48932857999995,30.07054271000004],[-89.48623613199993,30.07636139500005],[-89.47907467399995,30.07998281500005],[-89.47362219999991,30.07831452000005],[-89.46825110599991,30.07290273600006],[-89.45718339799993,30.071112372000073],[-89.43472245999993,30.062567450000074],[-89.42731686099995,30.058661200000074],[-89.42731686099995,30.052435614000046],[-89.43472245999993,30.052435614000046],[-89.43472245999993,30.044989325000074],[-89.43122311099995,30.042792059000078],[-89.43008378799993,30.042710679000038],[-89.42935136599993,30.04205963700008],[-89.42731686099995,30.03807200700004],[-89.42105058499993,30.03807200700004],[-89.41502844999991,30.04364655200004],[-89.39370683499993,30.05654531500005],[-89.38634192599994,30.058661200000074],[-89.37254798099991,30.054673570000034],[-89.3660375639999,30.048651434000078],[-89.36815344999991,30.040838934000078],[-89.38011633999992,30.03192780200004],[-89.39370683499993,30.029120184000078],[-89.4219457669999,30.031236070000034],[-89.43472245999993,30.02448151200008],[-89.44058183499993,30.014227606000077],[-89.43883216099994,30.00608958500004],[-89.43496660099993,29.998439846000053],[-89.43472245999993,29.98969147300005],[-89.4422094389999,29.98305898600006],[-89.45189368399991,29.979641018000052],[-89.45470130099994,29.976385809000078],[-89.44155839799993,29.969875393000052],[-89.42894446499992,29.968695380000042],[-89.40074622299994,29.973049221000053],[-89.38634192599994,29.969875393000052],[-89.37022864499994,29.95075104400007],[-89.38174394399994,29.935532945000034],[-89.40078691299993,29.932114976000037],[-89.40746008999992,29.94879791900007],[-89.43472245999993,29.93512604400007],[-89.43472245999993,29.928900458000044],[-89.42048092399995,29.91201406500005],[-89.41364498599995,29.90778229400007],[-89.41502844999991,29.907131252000056],[-89.41331946499992,29.90615469000005],[-89.41364498599995,29.901556708000044],[-89.40746008999992,29.901556708000044],[-89.4016820949999,29.909125067000048],[-89.39045162699995,29.916449286000045],[-89.3782445949999,29.92055898600006],[-89.36953691299993,29.91864655200004],[-89.36668860599991,29.908026434000078],[-89.37425696499992,29.89907461100006],[-89.39378821499992,29.88735586100006],[-89.39378821499992,29.87986888200004],[-89.37877356699994,29.88377513200004],[-89.37287350199995,29.88739655200004],[-89.36644446499992,29.89411041900007],[-89.35985266799992,29.89008209800005],[-89.33169511599993,29.87986888200004],[-89.35244706899994,29.869289455000057],[-89.35899817599994,29.866848049000055],[-89.35301673099991,29.863714911000045],[-89.35033118399991,29.86078522300005],[-89.34862219999991,29.857407945000034],[-89.34532630099994,29.853216864000046],[-89.35789954299992,29.85187409100007],[-89.36754309799994,29.846828518000052],[-89.37474524599992,29.839992580000057],[-89.38011633999992,29.833319403000075],[-89.37218176999994,29.82184479400007],[-89.36620032499991,29.809719143000052],[-89.35850989499994,29.798976955000057],[-89.34532630099994,29.79169342700004],[-89.35562089799993,29.79242584800005],[-89.37889563699991,29.79783763200004],[-89.38634192599994,29.79791901200008],[-89.39464270699995,29.790838934000078],[-89.40428626199991,29.771307684000078],[-89.41364498599995,29.76439036700009],[-89.41173255099994,29.771144924000055],[-89.40973873599995,29.785101630000042],[-89.40746008999992,29.79169342700004],[-89.42003333199995,29.79197825700004],[-89.42723548099991,29.798041083000044],[-89.43814042899993,29.81590403900009],[-89.44640051999994,29.823187567000048],[-89.45677649599992,29.829250393000052],[-89.46906490799995,29.832912502000056],[-89.48253333199995,29.833319403000075],[-89.47809811099995,29.815659898000035],[-89.48717200399994,29.80292389500005],[-89.50243079299992,29.79169342700004],[-89.51667232999995,29.77871328300006],[-89.52725175699993,29.76072825700004],[-89.5325414699999,29.75584544500009],[-89.54458574099993,29.750799872000073],[-89.55431067599994,29.749823309000078],[-89.57628333199995,29.75259023600006],[-89.58556067599994,29.750799872000073],[-89.60147050699993,29.734849351000037],[-89.60383053299995,29.71625397300005],[-89.5969945949999,29.69940827000005],[-89.58556067599994,29.688706773000035],[-89.56566321499992,29.685939846000053],[-89.54255123599995,29.68821849200009],[-89.52212480399993,29.687323309000078],[-89.51048743399991,29.675034898000035],[-89.51724199099993,29.676336981000077],[-89.52212480399993,29.67601146000004],[-89.52627519399994,29.67519765800006],[-89.53091386599993,29.675034898000035],[-89.51602128799993,29.667303778000075],[-89.48253333199995,29.64085521000004],[-89.48253333199995,29.634100653000075],[-89.49990800699993,29.63548411700009],[-89.51382402299993,29.64398834800005],[-89.52574622299994,29.654364325000074],[-89.5371801419999,29.661363023000035],[-89.56818600199995,29.667222398000035],[-89.59581458199995,29.668850002000056],[-89.62376868399991,29.674627997000073],[-89.67251542899993,29.70148346600007],[-89.70225989499994,29.709784247000073],[-89.69351152299993,29.69879791900007],[-89.66722571499992,29.68500397300005],[-89.65387936099995,29.675034898000035],[-89.65794837099992,29.67373281500005],[-89.66746985599991,29.668850002000056],[-89.64704342399995,29.661363023000035],[-89.64659583199995,29.65656159100007],[-89.64704342399995,29.65452708500004],[-89.64541581899994,29.650091864000046],[-89.61969967399995,29.62726471600007],[-89.63906816299993,29.620266018000052],[-89.72223873599995,29.639878648000035],[-89.75690670499995,29.634100653000075],[-89.73265540299991,29.628119208000044],[-89.72276770699995,29.623195705000057],[-89.71593176999994,29.61359284100007],[-89.72573808499993,29.61395905200004],[-89.72891191299993,29.61359284100007],[-89.72325598899994,29.601629950000074],[-89.69481360599991,29.572007554000038],[-89.68960527299993,29.560288804000038],[-89.68374589799993,29.537990627000056],[-89.67804928299995,29.527899481000077],[-89.66836503799993,29.52179596600007],[-89.64098059799994,29.51365794500009],[-89.61754309799994,29.500555731000077],[-89.59243730399993,29.502875067000048],[-89.57811438699991,29.49750397300005],[-89.58263098899994,29.49445221600007],[-89.58324133999992,29.493353583000044],[-89.58556067599994,29.490057684000078],[-89.5691625639999,29.48460521000004],[-89.54157467399995,29.470851955000057],[-89.5235082669999,29.469631252000056],[-89.5235082669999,29.46279531500005],[-89.53368079299992,29.44912344000005],[-89.53742428299995,29.43500397300005],[-89.53246008999992,29.427801825000074],[-89.51667232999995,29.434800523000035],[-89.51895097599993,29.41815827000005],[-89.52879798099991,29.41156647300005],[-89.53962154899995,29.409979559000078],[-89.54458574099993,29.408148505000042],[-89.5398656889999,29.397772528000075],[-89.52916419199994,29.39321523600006],[-89.51577714799993,29.392523505000042],[-89.45612545499995,29.403509833000044],[-89.43394934799994,29.403469143000052],[-89.41364498599995,29.393866278000075],[-89.41063391799992,29.390773830000057],[-89.40099036399994,29.39248281500005],[-89.39273027299993,29.391791083000044],[-89.38634192599994,29.387640692000048],[-89.38011633999992,29.387640692000048],[-89.37214107999995,29.392645575000074],[-89.36164303299995,29.394354559000078],[-89.35016842399995,29.392645575000074],[-89.33678137899994,29.390570380000042],[-89.33702551999994,29.385239976000037],[-89.34357662699995,29.381293036000045],[-89.35179602799991,29.380194403000075],[-89.36270097599993,29.380194403000075],[-89.37352454299992,29.377020575000074],[-89.37979081899994,29.370021877000056],[-89.3809301419999,29.362941799000055],[-89.37637285099993,29.359767971000053],[-89.36774654899995,29.35761139500005],[-89.35317949099993,29.348211981000077],[-89.34227454299992,29.346096096000053],[-89.33409583199995,29.34715403900009],[-89.31920325399994,29.35179271000004],[-89.29824785099993,29.35447825700004],[-89.29002844999991,29.357123114000046],[-89.28136145699995,29.35761139500005],[-89.27025305899991,29.35293203300006],[-89.26406816299993,29.34528229400007],[-89.2610570949999,29.326320705000057],[-89.25719153599994,29.318793036000045],[-89.24445553299995,29.31598541900007],[-89.22712154899995,29.322211005000042],[-89.21104895699995,29.335272528000075],[-89.2019750639999,29.35293203300006],[-89.19709225199995,29.353461005000042],[-89.19566809799994,29.352036851000037],[-89.19554602799991,29.349351304000038],[-89.19448808499993,29.346096096000053],[-89.18993079299992,29.34638092700004],[-89.18773352799991,29.340399481000077],[-89.18736731699994,29.33038971600007],[-89.18834387899994,29.318793036000045],[-89.17804928299995,29.32298411700009],[-89.17406165299991,29.32562897300005],[-89.1687719389999,29.316229559000078],[-89.1621801419999,29.31012604400007],[-89.15636145699995,29.30296458500004],[-89.15355383999992,29.290838934000078],[-89.14362545499995,29.295843817000048],[-89.13988196499992,29.29828522300005],[-89.13044186099995,29.287502346000053],[-89.12694251199991,29.276516018000052],[-89.12315833199995,29.26788971600007],[-89.1126195949999,29.264146226000037],[-89.11856035099993,29.25543854400007],[-89.12653561099995,29.249701239000046],[-89.13613847599993,29.245917059000078],[-89.14736894399994,29.243068752000056],[-89.14736894399994,29.236802476000037],[-89.10578365799995,29.226263739000046],[-89.10024980399993,29.214585679000038],[-89.08714758999992,29.20693594000005],[-89.07135982999995,29.202826239000046],[-89.05797278599994,29.202093817000048],[-89.06094316299993,29.20612213700008],[-89.06480872299994,29.21637604400007],[-89.04698645699995,29.218451239000046],[-89.03246008999992,29.216620184000078],[-89.02041581899994,29.209458726000037],[-89.01016191299993,29.195868231000077],[-89.03062903599994,29.195868231000077],[-89.03062903599994,29.188421942000048],[-89.02147376199991,29.186835028000075],[-89.01740475199995,29.184515692000048],[-89.01016191299993,29.174750067000048],[-89.03189042899993,29.180080471000053],[-89.03892981699994,29.17792389500005],[-89.04369055899991,29.167914130000042],[-89.05113684799994,29.167914130000042],[-89.05101477799991,29.174709377000056],[-89.0520727199999,29.182562567000048],[-89.05113684799994,29.188421942000048],[-89.0652563139999,29.18496328300006],[-89.08311926999994,29.173651434000078],[-89.0969945949999,29.15961334800005],[-89.0989477199999,29.147406317000048],[-89.08926347599993,29.14862702000005],[-89.02318274599992,29.147406317000048],[-89.0515844389999,29.097357489000046],[-89.06480872299994,29.086004950000074],[-89.06554114499994,29.10114166900007],[-89.07152258999992,29.112494208000044],[-89.08263098899994,29.11904531500005],[-89.0989477199999,29.119533596000053],[-89.09276282499991,29.11090729400007],[-89.08751380099994,29.10106028900009],[-89.08438066299993,29.09015534100007],[-89.08462480399993,29.078558661000045],[-89.09630286399994,29.086859442000048],[-89.10130774599992,29.091864325000074],[-89.10578365799995,29.099676825000074],[-89.11107337099992,29.08612702000005],[-89.12360592399995,29.072088934000078],[-89.15050208199995,29.048163153000075],[-89.15343176999994,29.02993398600006],[-89.13365637899994,28.996242580000057],[-89.14736894399994,28.99042389500005],[-89.15778561099995,28.99746328300006],[-89.18814042899993,29.030462958000044],[-89.19448808499993,29.04132721600007],[-89.19985917899993,29.053127346000053],[-89.22476152299993,29.091457424000055],[-89.23241126199991,29.099676825000074],[-89.24278723899994,29.10610586100006],[-89.24767005099994,29.105902411000045],[-89.24974524599992,29.09593333500004],[-89.24803626199991,29.086371161000045],[-89.24522864499994,29.07916901200008],[-89.24461829299992,29.072699286000045],[-89.24974524599992,29.064886786000045],[-89.26553300699993,29.059393622000073],[-89.28868567599994,29.056463934000078],[-89.30955969999991,29.05019765800006],[-89.31867428299995,29.034409898000035],[-89.32103430899991,29.021551825000074],[-89.32705644399994,29.00844961100006],[-89.37401282499991,28.94745514500005],[-89.39167232999995,28.933986721000053],[-89.41364498599995,28.92837148600006],[-89.41014563699991,28.960109768000052],[-89.40746008999992,28.969305731000077],[-89.40176347599993,28.97492096600007],[-89.38390051999994,28.987616278000075],[-89.37718665299991,28.99762604400007],[-89.35558020699995,29.02049388200004],[-89.35057532499991,29.03070709800005],[-89.35069739499994,29.042181708000044],[-89.3523656889999,29.05215078300006],[-89.35216223899994,29.05805084800005],[-89.34333248599995,29.06435781500005],[-89.32091223899994,29.068426825000074],[-89.3118383449999,29.072333075000074],[-89.29442298099991,29.10651276200008],[-89.28722083199995,29.117580471000053],[-89.27806555899991,29.140448309000078],[-89.2761938139999,29.160101630000042],[-89.29067949099993,29.16111888200004],[-89.29271399599992,29.153957424000055],[-89.29308020699995,29.141180731000077],[-89.29576575399994,29.129828192000048],[-89.30435136599993,29.12693919500009],[-89.31094316299993,29.133978583000044],[-89.31289628799993,29.14667389500005],[-89.3118383449999,29.17133209800005],[-89.31493079299992,29.181341864000046],[-89.32176673099991,29.18195221600007],[-89.32860266799992,29.175482489000046],[-89.33169511599993,29.164496161000045],[-89.3301488919999,29.152777411000045],[-89.32445227799991,29.13153717700004],[-89.32485917899993,29.119533596000053],[-89.33751380099994,29.103461005000042],[-89.36099199099993,29.09170156500005],[-89.38365637899994,29.087836005000042],[-89.39378821499992,29.09593333500004],[-89.40489661399994,29.122870184000078],[-89.40396074099993,29.13035716400009],[-89.3985082669999,29.141913153000075],[-89.40623938699991,29.148138739000046],[-89.42731686099995,29.15493398600006],[-89.48253333199995,29.243068752000056],[-89.47386633999992,29.243353583000044],[-89.45518958199995,29.250474351000037],[-89.47447669199994,29.25918203300006],[-89.49510657499991,29.259507554000038],[-89.50609290299991,29.250148830000057],[-89.49620520699995,29.229396877000056],[-89.55500240799995,29.248439846000053],[-89.58185787699995,29.250474351000037],[-89.6082250639999,29.25604889500005],[-89.61701412699995,29.269354559000078],[-89.62267005099994,29.28514232000009],[-89.63560701699993,29.29323713100007],[-89.6620041509999,29.300930209000057],[-89.6690172029999,29.294730067000046],[-89.6866872999999,29.29630651000008],[-89.73234912599992,29.30610306400007],[-89.79499799099995,29.312683680000077],[-89.81814592099994,29.31615996000005],[-89.79353141299993,29.328088121000064],[-89.77462724199995,29.332415119000075],[-89.7577051049999,29.343163106000077],[-89.74978699299993,29.355809356000066],[-89.7438055799999,29.369842817000062],[-89.74521922799994,29.384948827000073],[-89.75009984499991,29.39219522800005],[-89.76305091099994,29.393866278000075],[-89.76829993399991,29.389105536000045],[-89.77171790299991,29.387152411000045],[-89.77440344999991,29.38499583500004],[-89.77733313699991,29.380194403000075],[-89.78180904899995,29.39166901200008],[-89.77887936099995,29.398871161000045],[-89.77342688699991,29.404689846000053],[-89.77057857999995,29.41156647300005],[-89.77550208199995,29.420803127000056],[-89.78697669199994,29.418524481000077],[-89.80842037699995,29.408148505000042],[-89.8145238919999,29.41083405200004],[-89.81981360599991,29.41705963700008],[-89.82380123599995,29.423976955000057],[-89.82579505099994,29.428615627000056],[-89.82738196499992,29.430487372000073],[-89.82982337099992,29.432440497000073],[-89.83185787699995,29.43585846600007],[-89.83193925699993,29.442287502000056],[-89.82949785099993,29.447333075000074],[-89.82485917899993,29.452785549000055],[-89.82030188699991,29.456366278000075],[-89.81826738199993,29.455959377000056],[-89.81387285099993,29.46816640800006],[-89.81631425699993,29.474351304000038],[-89.8399145169999,29.479437567000048],[-89.84740149599992,29.48240794500009],[-89.85171464799993,29.48004791900007],[-89.85309811099995,29.46621328300006],[-89.86025956899994,29.443752346000053],[-89.87694251199991,29.448919989000046],[-89.90770423099991,29.477036851000037],[-89.94163977799991,29.46442291900007],[-89.97118079299992,29.47337474200009],[-90.08039303299995,29.537258205000057],[-90.09947669199994,29.544663804000038],[-90.11620032499991,29.547023830000057],[-90.1297094389999,29.544663804000038],[-90.13316809799994,29.539129950000074],[-90.11998450399994,29.531683661000045],[-90.12743079299992,29.524237372000073],[-90.14362545499995,29.53742096600007],[-90.16685950399994,29.567694403000075],[-90.18203691299993,29.57949453300006],[-90.18785559799994,29.569281317000048],[-90.20299231699994,29.55231354400007],[-90.20933997299994,29.53847890800006],[-90.1887914699999,29.53782786700009],[-90.18203691299993,29.53847890800006],[-90.18203691299993,29.531683661000045],[-90.19782467399995,29.525783596000053],[-90.20592200399994,29.52411530200004],[-90.21556555899991,29.524237372000073],[-90.2102758449999,29.51512278900009],[-90.20604407499991,29.511419989000046],[-90.20156816299993,29.51243724200009],[-90.19570878799993,29.518011786000045],[-90.18610592399995,29.511867580000057],[-90.14346269399994,29.47679271000004],[-90.13345292899993,29.471625067000048],[-90.12368730399993,29.469631252000056],[-90.09496008999992,29.467271226000037],[-90.06981360599991,29.46002838700008],[-90.04662024599992,29.44725169500009],[-90.02375240799995,29.428615627000056],[-90.03917395699995,29.422756252000056],[-90.04735266799992,29.416815497000073],[-90.05052649599992,29.40729401200008],[-90.05109615799995,29.390773830000057],[-90.04515540299991,29.385565497000073],[-90.04059811099995,29.38043854400007],[-90.03742428299995,29.373968817000048],[-90.03628495999993,29.36587148600006],[-90.03742428299995,29.33926015800006],[-90.04051673099991,29.346869208000044],[-90.04454505099994,29.35309479400007],[-90.05028235599991,29.357489325000074],[-90.05850175699993,29.359767971000053],[-90.05638587099992,29.341131903000075],[-90.04751542899993,29.325018622000073],[-90.0340063139999,29.31268952000005],[-90.01756751199991,29.305121161000045],[-90.01756751199991,29.29828522300005],[-90.03742428299995,29.290838934000078],[-90.05089270699995,29.307562567000048],[-90.06745357999995,29.31012604400007],[-90.07579505099994,29.30145905200004],[-90.06476803299995,29.28461334800005],[-90.0950414699999,29.28384023600006],[-90.09996497299994,29.253851630000042],[-90.08385169199994,29.225409247000073],[-90.05109615799995,29.229396877000056],[-90.0574438139999,29.213446356000077],[-90.08023027299993,29.174709377000056],[-90.08584550699993,29.167914130000042],[-90.10020911399994,29.157945054000038],[-90.11388098899994,29.144191799000055],[-90.13076738199993,29.132025458000044],[-90.1472875639999,29.12693919500009],[-90.19847571499992,29.09829336100006],[-90.22923743399991,29.08665599200009],[-90.24404863199993,29.091498114000046],[-90.23770097599993,29.096828518000052],[-90.23595130099994,29.106594143000052],[-90.23668372299994,29.119533596000053],[-90.23973548099991,29.13182200700004],[-90.24600175699993,29.140366929000038],[-90.26740475199995,29.158026434000078],[-90.27131100199995,29.16742584800005],[-90.26716061099995,29.17763906500005],[-90.2605688139999,29.188299872000073],[-90.2571508449999,29.198919989000046],[-90.25621497299994,29.210760809000078],[-90.25169837099992,29.22479889500005],[-90.25035559799994,29.236802476000037],[-90.25108801999994,29.247381903000075],[-90.25446529899995,29.259914455000057],[-90.26081295499995,29.269476630000042],[-90.2708227199999,29.27098216400009],[-90.27208411399994,29.26357656500005],[-90.27928626199991,29.247300523000035],[-90.28746497299994,29.235174872000073],[-90.29124915299991,29.239935614000046],[-90.30068925699993,29.257554429000038],[-90.33751380099994,29.29360586100006],[-90.33910071499992,29.305121161000045],[-90.33910071499992,29.31126536700009],[-90.35142981699994,29.308539130000042],[-90.35985266799992,29.30337148600006],[-90.36481686099995,29.294623114000046],[-90.36636308499993,29.281195380000042],[-90.3699438139999,29.27090078300006],[-90.39370683499993,29.243068752000056],[-90.39370683499993,29.29828522300005],[-90.39956620999993,29.31159088700008],[-90.41954505099994,29.34056224200009],[-90.42503821499992,29.346096096000053],[-90.42589270699995,29.350409247000073],[-90.43443762899994,29.357245184000078],[-90.44424394399994,29.35765208500004],[-90.44896399599992,29.342678127000056],[-90.45201575399994,29.32713450700004],[-90.45995032499991,29.314113674000055],[-90.48306230399993,29.290838934000078],[-90.49644934799994,29.30613841400009],[-90.50625566299993,29.304510809000078],[-90.51561438699991,29.29596588700008],[-90.52745520699995,29.290838934000078],[-90.56200110599991,29.300726630000042],[-90.57184811099995,29.305121161000045],[-90.55821692599994,29.31126536700009],[-90.55821692599994,29.318793036000045],[-90.56932532499991,29.320705471000053],[-90.57811438699991,29.319525458000044],[-90.58364824099993,29.314520575000074],[-90.58551998599995,29.305121161000045],[-90.59496008999992,29.308335679000038],[-90.60277258999992,29.307562567000048],[-90.60741126199991,29.301988023000035],[-90.60724850199995,29.290838934000078],[-90.60244706899994,29.28782786700009],[-90.57925370999993,29.28461334800005],[-90.58128821499992,29.26630280200004],[-90.59219316299993,29.254787502000056],[-90.59821529899995,29.24433014500005],[-90.58551998599995,29.229396877000056],[-90.59528561099995,29.218573309000078],[-90.60309811099995,29.222316799000055],[-90.61082923099991,29.232977606000077],[-90.62022864499994,29.243068752000056],[-90.6270238919999,29.23574453300006],[-90.63239498599995,29.22528717700004],[-90.64073645699995,29.202093817000048],[-90.6360570949999,29.197821356000077],[-90.63390051999994,29.195868231000077],[-90.64085852799991,29.157416083000044],[-90.64073645699995,29.14061107000009],[-90.64704342399995,29.15371328300006],[-90.6524145169999,29.16229889500005],[-90.66368567599994,29.164618231000077],[-90.67487545499995,29.16111888200004],[-90.67686926999994,29.154771226000037],[-90.67544511599993,29.145697333000044],[-90.67638098899994,29.13739655200004],[-90.69029700399994,29.13153717700004],[-90.69359290299991,29.126654364000046],[-90.69786536399994,29.12177155200004],[-90.70592200399994,29.119533596000053],[-90.71153723899994,29.12372467700004],[-90.72712154899995,29.13035716400009],[-90.74323482999995,29.13084544500009],[-90.75059973899994,29.116400458000044],[-90.75796464799993,29.11591217700004],[-90.79308020699995,29.126206773000035],[-90.80524654899995,29.12693919500009],[-90.7969457669999,29.138820705000057],[-90.78075110599991,29.14276764500005],[-90.76984615799995,29.14911530200004],[-90.77725175699993,29.167914130000042],[-90.79531816299993,29.160630601000037],[-90.81208248599995,29.16624583500004],[-90.82860266799992,29.176336981000077],[-90.84618079299992,29.182196356000077],[-90.8399145169999,29.16624583500004],[-90.84414628799993,29.15729401200008],[-90.86668860599991,29.147406317000048],[-90.86986243399991,29.143703518000052],[-90.87059485599991,29.139146226000037],[-90.87364661399994,29.13540273600006],[-90.88402258999992,29.13377513200004],[-90.92992102799991,29.17129140800006],[-90.95518958199995,29.18573639500005],[-90.98232988199993,29.191555080000057],[-91.01065019399994,29.182196356000077],[-91.01121985599991,29.193304755000042],[-91.0078832669999,29.201564846000053],[-91.0008031889999,29.206773179000038],[-90.99014238199993,29.208929755000042],[-90.99925696499992,29.218085028000075],[-91.01549231699994,29.223537502000056],[-91.03099524599992,29.224310614000046],[-91.03795325399994,29.21979401200008],[-91.04124915299991,29.20465729400007],[-91.0501195949999,29.197007554000038],[-91.06334387899994,29.19481028900009],[-91.07957923099991,29.195868231000077],[-91.08901933499993,29.20066966400009],[-91.11229407499991,29.21906159100007],[-91.12393144399994,29.223211981000077],[-91.2285863919999,29.23859284100007],[-91.28514563699991,29.260891018000052],[-91.32799231699994,29.294867255000042],[-91.33967037699995,29.33926015800006],[-91.32949785099993,29.323919989000046],[-91.31212317599994,29.31932200700004],[-91.29312089799993,29.32322825700004],[-91.27818762899994,29.33307526200008],[-91.26659094999991,29.350816148000035],[-91.2586156889999,29.36709219000005],[-91.24657141799992,29.378119208000044],[-91.22297115799995,29.380194403000075],[-91.22716223899994,29.36351146000004],[-91.2149145169999,29.34332916900007],[-91.19131425699993,29.33144765800006],[-91.16148841099994,29.33926015800006],[-91.1621801419999,29.305812893000052],[-91.16616777299993,29.29092031500005],[-91.17577063699991,29.277777411000045],[-91.16527258999992,29.27496979400007],[-91.15770423099991,29.26976146000004],[-91.15367591099994,29.26170482000009],[-91.15404212099992,29.250474351000037],[-91.1323949859999,29.25739166900007],[-91.12222245999993,29.263006903000075],[-91.11310787699995,29.27098216400009],[-91.1179906889999,29.275783596000053],[-91.12254798099991,29.282131252000056],[-91.12734941299993,29.28461334800005],[-91.12734941299993,29.290838934000078],[-91.10985266799992,29.316555080000057],[-91.12157141799992,29.33812083500004],[-91.17711341099994,29.379339911000045],[-91.20860755099994,29.395697333000044],[-91.21983801999994,29.404445705000057],[-91.22240149599992,29.41160716400009],[-91.22105872299994,29.428290106000077],[-91.22297115799995,29.434800523000035],[-91.22801673099991,29.438381252000056],[-91.24111894399994,29.44171784100007],[-91.24742591099994,29.445705471000053],[-91.26256262899994,29.46906159100007],[-91.26748613199993,29.495794989000046],[-91.26329505099994,29.522284247000073],[-91.25084387899994,29.544663804000038],[-91.24046790299991,29.55304596600007],[-91.22911536399994,29.559881903000075],[-91.22008216099994,29.56940338700008],[-91.21670488199993,29.585638739000046],[-91.2200414699999,29.598863023000035],[-91.22838294199994,29.60805898600006],[-91.24120032499991,29.612982489000046],[-91.25767981699994,29.61359284100007],[-91.24779212099992,29.59052155200004],[-91.25316321499992,29.576320705000057],[-91.28189042899993,29.555568752000056],[-91.28612219999991,29.546047268000052],[-91.2844945949999,29.53546784100007],[-91.28050696499992,29.527085679000038],[-91.27818762899994,29.524237372000073],[-91.28237870999993,29.513820705000057],[-91.29442298099991,29.49433014500005],[-91.29865475199995,29.48383209800005],[-91.32091223899994,29.496649481000077],[-91.36351477799991,29.512111721000053],[-91.38744055899991,29.518011786000045],[-91.41185462099992,29.51894765800006],[-91.4238988919999,29.521185614000046],[-91.4290258449999,29.527899481000077],[-91.42438717399995,29.538397528000075],[-91.41673743399991,29.54791901200008],[-91.41515051999994,29.55683014500005],[-91.4290258449999,29.56582265800006],[-91.45250403599994,29.551581122000073],[-91.49323482999995,29.539618231000077],[-91.53433183499993,29.534002997000073],[-91.55931555899991,29.53847890800006],[-91.54539954299992,29.54881419500009],[-91.54124915299991,29.56903717700004],[-91.54515540299991,29.591864325000074],[-91.55565344999991,29.609849351000037],[-91.55882727799991,29.619208075000074],[-91.55899003799993,29.631659247000073],[-91.56078040299991,29.64248281500005],[-91.56895911399994,29.64712148600006],[-91.57970130099994,29.64520905200004],[-91.60179602799991,29.63662344000005],[-91.6133520169999,29.634100653000075],[-91.63971920499995,29.63548411700009],[-91.64415442599994,29.64516836100006],[-91.63829505099994,29.66209544500009],[-91.63385982999995,29.685288804000038],[-91.6304418609999,29.72882721600007],[-91.63792883999992,29.74209219000005],[-91.66173255099994,29.750799872000073],[-91.68468176999994,29.753119208000044],[-91.77843176999994,29.748480536000045],[-91.7957250639999,29.74237702000005],[-91.83307857999995,29.723456122000073],[-91.85846920499995,29.71906159100007],[-91.86668860599991,29.729396877000056],[-91.86750240799995,29.74363841400009],[-91.87059485599991,29.750799872000073],[-91.87791907499991,29.75934479400007],[-91.87441972599993,29.778143622000073],[-91.86465410099993,29.796942450000074],[-91.8535863919999,29.80536530200004],[-91.84605872299994,29.798773505000042],[-91.83706620999993,29.787665106000077],[-91.82945716099994,29.784409898000035],[-91.82628333199995,29.801703192000048],[-91.82868404899995,29.815334377000056],[-91.83580481699994,29.82526276200008],[-91.84752356699994,29.831244208000044],[-91.89395097599993,29.837632554000038],[-91.90672766799992,29.837103583000044],[-91.93350175699993,29.81940338700008],[-91.94513912699995,29.82184479400007],[-91.95555579299992,29.82916901200008],[-91.9668676419999,29.833319403000075],[-91.9844457669999,29.831976630000042],[-91.98631751199991,29.827378648000035],[-91.98448645699995,29.818793036000045],[-91.99071204299992,29.80536530200004],[-92.00047766799992,29.798895575000074],[-92.08641516799992,29.771470445000034],[-92.09996497299994,29.76439036700009],[-92.12246660099993,29.743882554000038],[-92.13463294199994,29.736151434000078],[-92.14899654899995,29.736476955000057],[-92.13646399599992,29.745306708000044],[-92.13414466099994,29.75682200700004],[-92.14146887899994,29.766913153000075],[-92.15831458199995,29.771226304000038],[-92.16197669199994,29.76829661700009],[-92.17023678299995,29.75462474200009],[-92.17568925699993,29.750799872000073],[-92.18089758999992,29.75193919500009],[-92.20238196499992,29.76439036700009],[-92.1988012359999,29.74673086100006],[-92.19102942599994,29.723781643000052],[-92.18150794199994,29.704006252000056],[-92.17227128799993,29.69550202000005],[-92.16466223899994,29.697739976000037],[-92.15021725199995,29.707505601000037],[-92.1265356109999,29.711371161000045],[-92.11717688699991,29.71393463700008],[-92.10879472599993,29.71442291900007],[-92.09996497299994,29.709784247000073],[-92.12926184799994,29.692613023000035],[-92.14150956899994,29.688706773000035],[-92.11359615799995,29.637640692000048],[-92.10741126199991,29.620428778000075],[-92.09996497299994,29.620428778000075],[-92.08446204299992,29.63031647300005],[-92.06017005099994,29.63694896000004],[-92.03701738199993,29.63703034100007],[-92.02489173099991,29.62726471600007],[-92.05528723899994,29.621527411000045],[-92.06737219999991,29.616156317000048],[-92.07331295499995,29.60614655200004],[-92.0528051419999,29.59992096600007],[-92.06590735599991,29.587836005000042],[-92.09337317599994,29.587144273000035],[-92.13686501599994,29.586862460000077],[-92.1738658349999,29.576188691000084],[-92.24116098299993,29.545530647000078],[-92.27649313299992,29.533836437000048],[-92.31430732699994,29.53436857400004],[-92.46507262199992,29.560103938000054],[-92.48976175999991,29.562993557000084],[-92.5143998669999,29.566359096000042],[-92.5462133449999,29.57168203300006],[-92.6830579459999,29.604132864000064],[-92.79533837899993,29.64424102600009],[-92.85266058699995,29.66741492400007],[-92.91567089599994,29.692979464000075],[-93.02684485599991,29.732855536000045],[-93.0944503579999,29.751526132000038],[-93.1995929499999,29.77281118800005],[-93.25353181299994,29.776355247000083],[-93.30851449699992,29.769151067000053],[-93.34549494599992,29.76204483400005],[-93.38542765099993,29.767576766000047],[-93.42081021899992,29.768261434000067],[-93.4533963579999,29.77042494400007],[-93.49742591099994,29.769191799000055],[-93.55851309299993,29.76312099100005],[-93.64081645999994,29.750313051000035],[-93.70118545899993,29.742633382000065],[-93.73937984299994,29.737247514000046],[-93.7669577449999,29.72633331600008],[-93.79293648899994,29.717555222000044],[-93.82137585599992,29.709450505000063],[-93.8310278269999,29.700134882000043],[-93.8509722099999,29.723283778000052],[-93.8791551839999,29.749883544000056],[-93.89369709399995,29.79081447300007],[-93.8882383909999,29.807175275000077],[-93.85735500599992,29.81885207600004],[-93.82066781899994,29.82421374800009],[-93.78194133199992,29.85651491100009],[-93.77208411399994,29.904689846000053],[-93.75995235399995,29.960576139000068],[-93.76936603999991,29.97831592400007],[-93.78890095999992,29.98506584900008],[-93.8186460529999,29.986755367000058],[-93.83459768499995,29.983621329000073],[-93.85407467399995,29.98655833500004],[-93.85802161399994,29.96824778900009],[-93.86754309799994,29.950018622000073],[-93.92439858799992,29.865621589000057],[-93.93811194999995,29.80590269000004],[-93.9327117119999,29.776194375000046],[-93.87584387899994,29.72337474200009],[-93.85993404899995,29.692572333000044],[-93.8758031889999,29.675034898000035],[-93.88731848899994,29.67454661700009],[-93.91673743399991,29.68183014500005],[-94.03758704299992,29.684027411000045],[-94.0601293609999,29.68183014500005],[-94.10195878799993,29.67059967700004],[-94.13145911399994,29.65888092700004],[-94.21597245999993,29.61749909100007],[-94.3352758449999,29.578192450000074],[-94.65428626199991,29.45189036700009],[-94.6907445949999,29.428615627000056],[-94.74242102799991,29.374660549000055],[-94.76276607999995,29.366522528000075],[-94.78620357999995,29.370306708000044],[-94.79063880099994,29.380031643000052],[-94.7820531889999,29.393377997000073],[-94.70099850199995,29.46279531500005],[-94.67516028599994,29.47479889500005],[-94.65160071499992,29.478257554000038],[-94.64012610599991,29.48143138200004],[-94.63003495999993,29.485663153000075],[-94.62242591099994,29.490057684000078],[-94.5926000639999,29.51756419500009],[-94.5808813139999,29.524237372000073],[-94.57213294199994,29.52643463700008],[-94.52188066299993,29.523993231000077],[-94.50446529899995,29.52602773600006],[-94.49181067599994,29.534125067000048],[-94.48525956899994,29.55215078300006],[-94.48595130099994,29.566107489000046],[-94.4949438139999,29.55878327000005],[-94.51012122299994,29.54901764500005],[-94.52965247299994,29.555568752000056],[-94.54552161399994,29.568426825000074],[-94.56143144399994,29.574611721000053],[-94.6054481779999,29.552650016000086],[-94.69523245999994,29.53895895700009],[-94.73681933499995,29.52847728900008],[-94.75523544499993,29.52427124700006],[-94.77905017199993,29.529876915000045],[-94.78742941299993,29.54071392800006],[-94.78508043599993,29.54693368800008],[-94.7737544709999,29.541801409000072],[-94.7612740749999,29.543918331000043],[-94.74945759799994,29.561037903000056],[-94.73577877899993,29.579235245000064],[-94.71613838999991,29.61140815600004],[-94.70311039099994,29.65043750400008],[-94.69274089399994,29.696340139000085],[-94.69547032799994,29.718122638000068],[-94.70214397899991,29.73530648500008],[-94.70353180799992,29.75136155200005],[-94.71017568299993,29.76051782400009],[-94.71949365299992,29.776550538000038],[-94.73405499899991,29.782240880000074],[-94.74462680499994,29.782205729000054],[-94.76045755599995,29.776416445000052],[-94.77365462799992,29.772927863000064],[-94.7947923609999,29.771705170000075],[-94.80674323599993,29.781989296000063],[-94.82649023099992,29.768144031000077],[-94.8263859189999,29.74978678800005],[-94.84866079499994,29.717577818000052],[-94.86298413999992,29.683106243000054],[-94.87607624399993,29.665842342000076],[-94.9064095309999,29.65768243100007],[-94.91959650099994,29.655327353000075],[-94.93155576599992,29.666740910000044],[-94.9383167599999,29.68965262100005],[-94.9489149979999,29.69419010000007],[-94.96617210599993,29.70443395700005],[-94.99917558499993,29.716009833000044],[-95.01550240199992,29.720300111000086],[-95.02674493199993,29.736093650000043],[-95.03399277199992,29.74846130700007],[-95.05228023199993,29.74974817000009],[-95.06407630099994,29.71287669500009],[-95.05032848399992,29.70702564600009],[-95.03681235199991,29.704342920000045],[-95.02882408099993,29.697496674000035],[-95.01848818699995,29.69548353600004],[-95.00894678599991,29.69346543900008],[-94.99857961999993,29.686629898000035],[-94.9858013839999,29.674985390000074],[-95.00869600199991,29.659713857000042],[-95.0157232649999,29.64452245700005],[-95.01003117399995,29.625952994000045],[-94.98451850799995,29.60612019000007],[-94.98919473299992,29.594386967000048],[-95.0054418609999,29.578599351000037],[-95.01598059799994,29.568915106000077],[-95.02391516799992,29.542181708000044],[-94.98391111199993,29.513819470000044],[-94.90779828199993,29.496309994000057],[-94.91487330799993,29.488005564000048],[-94.92350621799994,29.475557837000053],[-94.93639075399994,29.48004791900007],[-94.95059160099993,29.473781643000052],[-94.96507727799991,29.469631252000056],[-94.96507727799991,29.46279531500005],[-94.94823157499991,29.451971747000073],[-94.94709225199995,29.435370184000078],[-94.9429418609999,29.422023830000057],[-94.9173070949999,29.421128648000035],[-94.9173070949999,29.428615627000056],[-94.92149817599994,29.432114976000037],[-94.92198645699995,29.433986721000053],[-94.92178300699993,29.43650950700004],[-94.91958574099993,29.43650950700004],[-94.91832434799994,29.43699778900009],[-94.91820227799991,29.44009023600006],[-94.9173070949999,29.442287502000056],[-94.88955644399994,29.400824286000045],[-94.87877356699994,29.393866278000075],[-94.86579342399995,29.391750393000052],[-94.8211156889999,29.373968817000048],[-94.82494055899991,29.372788804000038],[-94.82827714799993,29.372259833000044],[-94.83128821499992,29.370754299000055],[-94.83409583199995,29.366522528000075],[-94.84943600199995,29.37596263200004],[-94.87035071499992,29.38084544500009],[-94.88882402299993,29.37596263200004],[-94.89679928299995,29.356350002000056],[-94.90135657499991,29.33462148600006],[-94.9129125639999,29.315578518000052],[-94.92821204299992,29.307562567000048],[-94.94395911399994,29.318793036000045],[-94.95079505099994,29.318793036000045],[-94.9551488919999,29.306341864000046],[-94.96446692599994,29.297796942000048],[-94.98493404899995,29.28461334800005],[-94.9878637359999,29.28388092700004],[-94.99620520699995,29.285223700000074],[-94.99917558499993,29.28461334800005],[-94.99986731699994,29.28196849200009],[-94.99864661399994,29.27374909100007],[-94.99917558499993,29.27098216400009],[-95.06517493399991,29.20416901200008],[-95.08836829299992,29.188625393000052],[-95.11587480399993,29.174750067000048],[-95.12425696499992,29.19354889500005],[-95.13719641799992,29.198919989000046],[-95.1531469389999,29.200873114000046],[-95.17052161399994,29.208929755000042],[-95.1629125639999,29.20062897300005],[-95.15001380099994,29.174750067000048],[-95.15916907499991,29.152411200000074],[-95.15811113199993,29.130926825000074],[-95.15001380099994,29.089097398000035],[-95.14964758999992,29.07217031500005],[-95.15123450399994,29.05849844000005],[-95.15892493399991,29.045721747000073],[-95.23151607999995,28.99551015800006],[-95.25999915299991,28.981756903000075],[-95.31387285099993,28.92837148600006],[-95.36774654899995,28.887152411000045],[-95.37938391799992,28.880560614000046],[-95.40172278599994,28.87836334800005],[-95.41917883999992,28.872300523000035],[-95.48717200399994,28.82965729400007],[-95.60191809799994,28.76386139500005],[-95.64488684799994,28.745917059000078],[-95.68887285099993,28.73631419500009],[-95.7339574859999,28.733587958000044],[-95.78001868399991,28.73590729400007],[-95.81737219999991,28.732489325000074],[-95.9519750639999,28.688706773000035],[-95.94579016799992,28.67645905200004],[-95.94713294199994,28.66624583500004],[-95.95099850199995,28.65696849200009],[-95.95238196499992,28.640326239000046],[-95.95494544199994,28.636379299000055],[-95.95592200399994,28.632635809000078],[-95.9519750639999,28.626654364000046],[-95.94725501199991,28.62531159100007],[-95.94017493399991,28.62571849200009],[-95.93370520699995,28.62759023600006],[-95.93081620999993,28.630072333000044],[-95.79344641799992,28.69944896000004],[-95.75495357999995,28.71246979400007],[-95.71922766799992,28.71548086100006],[-95.83714758999992,28.64647044500009],[-95.9024145169999,28.61786530200004],[-96.00511633999992,28.596502997000073],[-96.06627356699994,28.553859768000052],[-96.12368730399993,28.536810614000046],[-96.18822180899991,28.501654364000046],[-96.21886145699995,28.489488023000035],[-96.19456946499992,28.515570380000042],[-96.16087805899991,28.537258205000057],[-96.01724199099993,28.60224030200004],[-95.99600175699993,28.60618724200009],[-95.98493404899995,28.613104559000078],[-95.98135331899994,28.628607489000046],[-95.98778235599991,28.64484284100007],[-96.00658118399991,28.653998114000046],[-96.02643795499995,28.65102773600006],[-96.06476803299995,28.631333726000037],[-96.07795162699995,28.626654364000046],[-96.09837805899991,28.62327708500004],[-96.15737870999993,28.598781643000052],[-96.20490475199995,28.58665599200009],[-96.22647050699993,28.587144273000035],[-96.22227942599994,28.602484442000048],[-96.20474199099993,28.610581773000035],[-96.15892493399991,28.61513906500005],[-96.14313717399995,28.626654364000046],[-96.13687089799993,28.626654364000046],[-96.13687089799993,28.63353099200009],[-96.15392005099994,28.635199286000045],[-96.16828365799995,28.632554429000038],[-96.18138587099992,28.628648179000038],[-96.19493567599994,28.626654364000046],[-96.21544348899994,28.629380601000037],[-96.22044837099992,28.636867580000057],[-96.21544348899994,28.64789459800005],[-96.19225012899994,28.680894273000035],[-96.18805904899995,28.69086334800005],[-96.19505774599992,28.694484768000052],[-96.21544348899994,28.694973049000055],[-96.23082434799994,28.69281647300005],[-96.24453691299993,28.687567450000074],[-96.26667232999995,28.675116278000075],[-96.26040605399993,28.688706773000035],[-96.28140214799993,28.679754950000074],[-96.30809485599991,28.65106842700004],[-96.32872473899994,28.63971588700008],[-96.3457738919999,28.635321356000077],[-96.34984290299991,28.63739655200004],[-96.35020911399994,28.64411041900007],[-96.35602779899995,28.653998114000046],[-96.38516191299993,28.679348049000055],[-96.3902074859999,28.688706773000035],[-96.38003495999993,28.70026276200008],[-96.37759355399993,28.714911200000074],[-96.38329016799992,28.73004791900007],[-96.39761308499993,28.743394273000035],[-96.40371660099993,28.738755601000037],[-96.41307532499991,28.73383209800005],[-96.41685950399994,28.729722398000035],[-96.43504798099991,28.755682684000078],[-96.43858801999994,28.76386139500005],[-96.44481360599991,28.76386139500005],[-96.44395911399994,28.749253648000035],[-96.43838456899994,28.731756903000075],[-96.4309789699999,28.716498114000046],[-96.42430579299992,28.708644924000055],[-96.41710364499994,28.710679429000038],[-96.4082738919999,28.716945705000057],[-96.40078691299993,28.719875393000052],[-96.39761308499993,28.712062893000052],[-96.40029863199993,28.70258209800005],[-96.40648352799991,28.69676341400009],[-96.41299394399994,28.69281647300005],[-96.41685950399994,28.688706773000035],[-96.41637122299994,28.680975653000075],[-96.41270911399994,28.673773505000042],[-96.41030839799993,28.66632721600007],[-96.41372636599993,28.65770091400009],[-96.4168188139999,28.643703518000052],[-96.40343176999994,28.635565497000073],[-96.36969967399995,28.626654364000046],[-96.42764238199993,28.595404364000046],[-96.46251380099994,28.583197333000044],[-96.49323482999995,28.578924872000073],[-96.47789466099994,28.591620184000078],[-96.45982825399994,28.59332916900007],[-96.44481360599991,28.597357489000046],[-96.43858801999994,28.61676666900007],[-96.44713294199994,28.635646877000056],[-96.48468990799995,28.612616278000075],[-96.49323482999995,28.63662344000005],[-96.4973852199999,28.64476146000004],[-96.50747636599993,28.643459377000056],[-96.51976477799991,28.640448309000078],[-96.53042558499993,28.643459377000056],[-96.53628495999993,28.64606354400007],[-96.54987545499995,28.64549388200004],[-96.55467688699991,28.64716217700004],[-96.55947831899994,28.65428294500009],[-96.56029212099992,28.660711981000077],[-96.55996660099993,28.667222398000035],[-96.56151282499991,28.675116278000075],[-96.56578528599994,28.68891022300005],[-96.56725012899994,28.696519273000035],[-96.57017981699994,28.70262278900009],[-96.57852128799993,28.712062893000052],[-96.59044348899994,28.720363674000055],[-96.60383053299995,28.72370026200008],[-96.61750240799995,28.72207265800006],[-96.63036048099991,28.71548086100006],[-96.63451087099992,28.720851955000057],[-96.63914954299992,28.72418854400007],[-96.65086829299992,28.729722398000035],[-96.64981035099993,28.704820054000038],[-96.64565995999993,28.68707916900007],[-96.63719641799992,28.671616929000038],[-96.60879472599993,28.63776276200008],[-96.60488847599993,28.630560614000046],[-96.60244706899994,28.62051015800006],[-96.6030981109999,28.610174872000073],[-96.60850989499994,28.58616771000004],[-96.60863196499992,28.578924872000073],[-96.59984290299991,28.56834544500009],[-96.59190833199995,28.569647528000075],[-96.58193925699993,28.578924872000073],[-96.57017981699994,28.575384833000044],[-96.54100501199991,28.557806708000044],[-96.52037512899994,28.549221096000053],[-96.51366126199991,28.544134833000044],[-96.50658118399991,28.536851304000038],[-96.5012914699999,28.529120184000078],[-96.49323482999995,28.510646877000056],[-96.54552161399994,28.48773834800005],[-96.55467688699991,28.486070054000038],[-96.54759680899991,28.469305731000077],[-96.53156490799995,28.46946849200009],[-96.51423092399995,28.47797272300005],[-96.5034887359999,28.486070054000038],[-96.47350012899994,28.49355703300006],[-96.43565833199995,28.481350002000056],[-96.40680904899995,28.458726304000038],[-96.40379798099991,28.434881903000075],[-96.47581946499992,28.400783596000053],[-96.49510657499991,28.39647044500009],[-96.52916419199994,28.377752997000073],[-96.54474850199995,28.373480536000045],[-96.65371660099993,28.319484768000052],[-96.67137610599991,28.331854559000078],[-96.68773352799991,28.327378648000035],[-96.69831295499995,28.335882880000042],[-96.70384680899991,28.35179271000004],[-96.70592200399994,28.388495184000078],[-96.70921790299991,28.39984772300005],[-96.71849524599992,28.405462958000044],[-96.73648027299993,28.40692780200004],[-96.7417699859999,28.410589911000045],[-96.74356035099993,28.419094143000052],[-96.74437415299991,28.42845286700009],[-96.74644934799994,28.434881903000075],[-96.7512914699999,28.438666083000044],[-96.76227779899995,28.44432200700004],[-96.76695716099994,28.44794342700004],[-96.78465735599991,28.472601630000042],[-96.79332434799994,28.479722398000035],[-96.80166581899994,28.47524648600006],[-96.8101293609999,28.46784088700008],[-96.8133031889999,28.45799388200004],[-96.81065833199995,28.45184967700004],[-96.80166581899994,28.45538971600007],[-96.77745520699995,28.43740469000005],[-96.76976477799991,28.426214911000045],[-96.76695716099994,28.410711981000077],[-96.77513587099992,28.400458075000074],[-96.79385331899994,28.40818919500009],[-96.8145238919999,28.421698309000078],[-96.82835852799991,28.42869700700004],[-96.84447180899991,28.41559479400007],[-96.82510331899994,28.387925523000035],[-96.79556230399993,28.35651276200008],[-96.78115800699993,28.331854559000078],[-96.78746497299994,28.314276434000078],[-96.79710852799991,28.296942450000074],[-96.80125891799992,28.279120184000078],[-96.78233801999994,28.24160390800006],[-96.79238847599993,28.228664455000057],[-96.82835852799991,28.20897044500009],[-96.84512285099993,28.19326406500005],[-96.88023841099994,28.15062083500004],[-96.89590410099993,28.14081452000005],[-96.92821204299992,28.133246161000045],[-96.94505774599992,28.12645091400009],[-96.93346106699994,28.162909247000073],[-96.92454993399991,28.17918528900009],[-96.91030839799993,28.195257880000042],[-96.92471269399994,28.214097398000035],[-96.91893469999991,28.232123114000046],[-96.90880286399994,28.24876536700009],[-96.91030839799993,28.263617255000042],[-96.9219457669999,28.263332424000055],[-96.93578040299991,28.24827708500004],[-96.95933997299994,28.215765692000048],[-96.9461156889999,28.205145575000074],[-96.9434301419999,28.191351630000042],[-96.94871985599991,28.174221096000053],[-96.95933997299994,28.15375397300005],[-96.97301184799994,28.133937893000052],[-96.98436438699991,28.12954336100006],[-97.02017167899993,28.14008209800005],[-97.01626542899993,28.142279364000046],[-97.01292883999992,28.144964911000045],[-97.00975501199991,28.14866771000004],[-97.00649980399993,28.15375397300005],[-97.01305091099994,28.164007880000042],[-97.00743567599994,28.194525458000044],[-97.01398678299995,28.20897044500009],[-97.02017167899993,28.20897044500009],[-97.03620357999995,28.187648830000057],[-97.07135982999995,28.168117580000057],[-97.11021887899994,28.153631903000075],[-97.1375219389999,28.14752838700008],[-97.13084876199991,28.15778229400007],[-97.13857988199993,28.16559479400007],[-97.15265865799995,28.169256903000075],[-97.16478430899991,28.16738515800006],[-97.17324785099993,28.159002997000073],[-97.1773168609999,28.14801666900007],[-97.17320716099994,28.138373114000046],[-97.15733801999994,28.13385651200008],[-97.19859778599994,28.096828518000052],[-97.21751868399991,28.074774481000077],[-97.20885169199994,28.065008856000077],[-97.18667558499993,28.06248607000009],[-97.16844641799992,28.055609442000048],[-97.15428626199991,28.044623114000046],[-97.14427649599992,28.030218817000048],[-97.14439856699994,28.01976146000004],[-97.14867102799991,28.010199286000045],[-97.14907792899993,28.005519924000055],[-97.1375219389999,28.009711005000042],[-97.12987219999991,28.016750393000052],[-97.1231176419999,28.02830638200004],[-97.11823482999995,28.04173411700009],[-97.11636308499993,28.054388739000046],[-97.10610917899993,28.07094961100006],[-97.0574438139999,28.088812567000048],[-97.04124915299991,28.105902411000045],[-97.04491126199991,28.11041901200008],[-97.0464574859999,28.113714911000045],[-97.04539954299992,28.11481354400007],[-97.04165605399993,28.11660390800006],[-97.03441321499992,28.119574286000045],[-97.02407792899993,28.111802476000037],[-97.0210668609999,28.10032786700009],[-97.02765865799995,28.06159088700008],[-97.02627519399994,28.047674872000073],[-97.0249731109999,28.041449286000045],[-97.02749589799993,28.03668854400007],[-97.0379125639999,28.027085679000038],[-97.04458574099993,28.01911041900007],[-97.06114661399994,27.98924388200004],[-97.06607011599993,27.988674221000053],[-97.06745357999995,27.99013906500005],[-97.06753495999993,27.99282461100006],[-97.06859290299991,27.996039130000042],[-97.10533606699994,27.93699778900009],[-97.18407141799992,27.83661530200004],[-97.20628821499992,27.82172272300005],[-97.2324926419999,27.824774481000077],[-97.2324926419999,27.83222077000005],[-97.21198482999995,27.83222077000005],[-97.22325598899994,27.84906647300005],[-97.2359106109999,27.863836981000077],[-97.25031490799995,27.87457916900007],[-97.26720130099994,27.879380601000037],[-97.29084225199995,27.876654364000046],[-97.3313695949999,27.861070054000038],[-97.35594641799992,27.85956452000005],[-97.34898841099994,27.864935614000046],[-97.3465063139999,27.86871979400007],[-97.34532630099994,27.872748114000046],[-97.34227454299992,27.879380601000037],[-97.36815344999991,27.87323639500005],[-97.42438717399995,27.87518952000005],[-97.45213782499991,27.873195705000057],[-97.45759029899995,27.86981842700004],[-97.46019446499992,27.860663153000075],[-97.46580969999991,27.85956452000005],[-97.47337805899991,27.861029364000046],[-97.48119055899991,27.864569403000075],[-97.48692786399994,27.866359768000052],[-97.48827063699991,27.86863841400009],[-97.48912512899994,27.87295156500005],[-97.49229895699995,27.87718333500004],[-97.50059973899994,27.879380601000037],[-97.50454667899993,27.878851630000042],[-97.5210668609999,27.873195705000057],[-97.50487219999991,27.84902578300006],[-97.48704993399991,27.835272528000075],[-97.46397864499994,27.831732489000046],[-97.4317113919999,27.838446356000077],[-97.42218990799995,27.83270905200004],[-97.40982011599993,27.83234284100007],[-97.39818274599992,27.83690013200004],[-97.39073645699995,27.84589264500005],[-97.38560950399994,27.83006419500009],[-97.39403235599991,27.801703192000048],[-97.39073645699995,27.79124583500004],[-97.37181555899991,27.75531647300005],[-97.35606848899994,27.74176666900007],[-97.26720130099994,27.70807526200008],[-97.25959225199995,27.695054429000038],[-97.26280676999994,27.67926666900007],[-97.27253170499995,27.663397528000075],[-97.28429114499994,27.650051174000055],[-97.28929602799991,27.64199453300006],[-97.29259192599994,27.630926825000074],[-97.29515540299991,27.60879140800006],[-97.29881751199991,27.60057200700004],[-97.32933508999992,27.549627997000073],[-97.34642493399991,27.50576406500005],[-97.34976152299993,27.48582591400009],[-97.35293535099993,27.475734768000052],[-97.36705481699994,27.460760809000078],[-97.40831458199995,27.357367255000042],[-97.41120357999995,27.33502838700008],[-97.42235266799992,27.327785549000055],[-97.48692786399994,27.304022528000075],[-97.50841223899994,27.282416083000044],[-97.52257239499994,27.278509833000044],[-97.54157467399995,27.290350653000075],[-97.50527910099993,27.30760325700004],[-97.49315344999991,27.317694403000075],[-97.49868730399993,27.320786851000037],[-97.5012914699999,27.323919989000046],[-97.5032445949999,27.327378648000035],[-97.50674394399994,27.331284898000035],[-97.48680579299992,27.330226955000057],[-97.47638912699995,27.33148834800005],[-97.46922766799992,27.33502838700008],[-97.46129309799994,27.34365469000005],[-97.46092688699991,27.345770575000074],[-97.46548417899993,27.34674713700008],[-97.47264563699991,27.35175202000005],[-97.4741918609999,27.34837474200009],[-97.48135331899994,27.34707265800006],[-97.48936926999994,27.35065338700008],[-97.49315344999991,27.36204661700009],[-97.49120032499991,27.38149648600006],[-97.48692786399994,27.400213934000078],[-97.50617428299995,27.392523505000042],[-97.52920488199993,27.37213776200008],[-97.54157467399995,27.36546458500004],[-97.53408769399994,27.35175202000005],[-97.54491126199991,27.348089911000045],[-97.55308997299994,27.343817450000074],[-97.56883704299992,27.331284898000035],[-97.57510331899994,27.345648505000042],[-97.58470618399991,27.34178294500009],[-97.60301673099991,27.317694403000075],[-97.59972083199995,27.310939846000053],[-97.60065670499995,27.304510809000078],[-97.60619055899991,27.299709377000056],[-97.61693274599992,27.297796942000048],[-97.63023841099994,27.30023834800005],[-97.6341039699999,27.30654531500005],[-97.63451087099992,27.31513092700004],[-97.63776607999995,27.32444896000004],[-97.71764075399994,27.427435614000046],[-97.74290930899991,27.449693101000037],[-97.77428137899994,27.468491929000038],[-97.77049719999991,27.444566148000035],[-97.73643958199995,27.414129950000074],[-97.7259008449999,27.393377997000073],[-97.74014238199993,27.393377997000073],[-97.70376542899993,27.361070054000038],[-97.69176184799994,27.34048086100006],[-97.7122289699999,27.331284898000035],[-97.71056067599994,27.324164130000042],[-97.70909583199995,27.32135651200008],[-97.70665442599994,27.317694403000075],[-97.6870824859999,27.325140692000048],[-97.67223059799994,27.32135651200008],[-97.66763261599993,27.31085846600007],[-97.67870032499991,27.297796942000048],[-97.70069803299992,27.285942942000077],[-97.7247244859999,27.287669315000073],[-97.74998938699991,27.297308661000045],[-97.77428137899994,27.297796942000048],[-97.7605688139999,27.279120184000078],[-97.71519986999994,27.267359579000072],[-97.6787082219999,27.274019982000084],[-97.65888531899992,27.27412188900007],[-97.6421533489999,27.26680217200004],[-97.62952235699993,27.24466093500007],[-97.59823621899994,27.242959479000035],[-97.55966102299993,27.23480500800008],[-97.52112737399995,27.232190847000084],[-97.50139836699992,27.24336201600005],[-97.4764755189999,27.25639566500007],[-97.44011763799995,27.272232046000056],[-97.42609615799995,27.26365794500009],[-97.42715410099993,27.24998607000009],[-97.43407141799992,27.23924388200004],[-97.44595292899993,27.23509349200009],[-97.44383704299992,27.22418854400007],[-97.44347083199995,27.20571523600006],[-97.44505774599992,27.18821849200009],[-97.44908606699994,27.180487372000073],[-97.45836341099994,27.17479075700004],[-97.45543372299994,27.161322333000044],[-97.44859778599994,27.14549388200004],[-97.44595292899993,27.13271719000005],[-97.45311438699991,27.120754299000055],[-97.46580969999991,27.11237213700008],[-97.48131262899994,27.107570705000057],[-97.4968969389999,27.106024481000077],[-97.49819902299993,27.100734768000052],[-97.48818925699993,27.088324286000045],[-97.48155676999994,27.074286200000074],[-97.49315344999991,27.063788153000075],[-97.48094641799992,27.038723049000055],[-97.48070227799991,27.021958726000037],[-97.49449622299994,27.012640692000048],[-97.55020097599993,27.00918203300006],[-97.56094316299993,27.00486888200004],[-97.56281490799995,26.99371979400007],[-97.55996660099993,26.95075104400007],[-97.55431067599994,26.93305084800005],[-97.54552161399994,26.91864655200004],[-97.53408769399994,26.906805731000077],[-97.49453691299993,26.89052969000005],[-97.48131262899994,26.87763092700004],[-97.49315344999991,26.858343817000048],[-97.53770911399994,26.89557526200008],[-97.5484106109999,26.89988841400009],[-97.55524654899995,26.89020416900007],[-97.56004798099991,26.87140534100007],[-97.56248938699991,26.851385809000078],[-97.56200110599991,26.83787669500009],[-97.5547582669999,26.825140692000048],[-97.54369055899991,26.822211005000042],[-97.52965247299994,26.822007554000038],[-97.51366126199991,26.81736888200004],[-97.5012914699999,26.80662669500009],[-97.49303137899994,26.79173411700009],[-97.48839270699995,26.775091864000046],[-97.48151607999995,26.731350002000056],[-97.45763098899994,26.667222398000035],[-97.44725501199991,26.601304429000038],[-97.42491614499994,26.534898179000038],[-97.41860917899993,26.502020575000074],[-97.42227128799993,26.508978583000044],[-97.42886308499993,26.517726955000057],[-97.4317113919999,26.523179429000038],[-97.4368383449999,26.509914455000057],[-97.44603430899991,26.502875067000048],[-97.47264563699991,26.495835679000038],[-97.43854732999995,26.485296942000048],[-97.43968665299991,26.47646719000005],[-97.44481360599991,26.461371161000045],[-97.44798743399991,26.433335679000038],[-97.45042883999992,26.423895575000074],[-97.44786536399994,26.42015208500004],[-97.4351293609999,26.41950104400007],[-97.41706295499995,26.415187893000052],[-97.41193600199995,26.40452708500004],[-97.41079667899993,26.391180731000077],[-97.40501868399991,26.378566799000055],[-97.39806067599994,26.376288153000075],[-97.37637285099993,26.37441640800006],[-97.37022864499994,26.372300523000035],[-97.36986243399991,26.364081122000073],[-97.37881425699993,26.34398021000004],[-97.37706458199995,26.337591864000046],[-97.37010657499991,26.336818752000056],[-97.36327063699991,26.34015534100007],[-97.35806230399993,26.344956773000035],[-97.35594641799992,26.348456122000073],[-97.35191809799994,26.35382721600007],[-97.34439042899993,26.349351304000038],[-97.34019934799994,26.341620184000078],[-97.34605872299994,26.337591864000046],[-97.35529537699995,26.327948309000078],[-97.36107337099992,26.30687083500004],[-97.36107337099992,26.28579336100006],[-97.35289466099994,26.27610911700009],[-97.34373938699991,26.27798086100006],[-97.33653723899994,26.28115469000005],[-97.32982337099992,26.281724351000037],[-97.3218481109999,26.27610911700009],[-97.31578528599994,26.264878648000035],[-97.3191625639999,26.257147528000075],[-97.32567298099991,26.250392971000053],[-97.32925370999993,26.242010809000078],[-97.32762610599991,26.230414130000042],[-97.32290605399993,26.221502997000073],[-97.30874589799993,26.20107656500005],[-97.31395423099991,26.180121161000045],[-97.3152563139999,26.150132554000038],[-97.31053626199991,26.12327708500004],[-97.29824785099993,26.11163971600007],[-97.29271399599992,26.10960521000004],[-97.28563391799992,26.105169989000046],[-97.27623450399994,26.10065338700008],[-97.26378333199995,26.09861888200004],[-97.23643958199995,26.098089911000045],[-97.22386633999992,26.09589264500005],[-97.21198482999995,26.09121328300006],[-97.21540279899995,26.076320705000057],[-97.22215735599991,26.06708405200004],[-97.23253333199995,26.06476471600007],[-97.24669348899994,26.070705471000053],[-97.24803626199991,26.053168036000045],[-97.2598363919999,26.029120184000078],[-97.26036536399994,26.015448309000078],[-97.25560462099992,25.998928127000056],[-97.2520238919999,25.992987372000073],[-97.24669348899994,25.988755601000037],[-97.23623613199993,25.984198309000078],[-97.2332250639999,25.985541083000044],[-97.2317602199999,25.989976304000038],[-97.22622636599993,25.995021877000056],[-97.20173092399995,26.005072333000044],[-97.19261633999992,26.011542059000078],[-97.18529212099992,26.022284247000073],[-97.18146725199995,26.038031317000048],[-97.17955481699994,26.05605703300006],[-97.1753637359999,26.070868231000077],[-97.16478430899991,26.07689036700009],[-97.15184485599991,26.075018622000073],[-97.14317786399994,26.047756252000056],[-97.14073645699995,26.019191799000055],[-97.1375219389999,25.97451406500005],[-97.13927161399994,25.96580638200004],[-97.16746985599991,25.828599351000037],[-97.15733801999994,25.789536851000037],[-97.16445878799993,25.76951732000009],[-97.16515051999994,25.72333405200004],[-97.17442786399994,25.70416901200008],[-97.18626868399991,25.68695709800005],[-97.19815019399994,25.64667389500005],[-97.22496497299994,25.584418036000045],[-97.26154537699995,25.49945709800005],[-97.31944739499994,25.389960028000075],[-97.45897376199991,25.179388739000046],[-97.55520585849993,24.847621974500044],[-97.65143795499995,24.51585521000004],[-97.70799719999991,24.08388906500005],[-97.7117406889999,24.04913971600007],[-97.71666419199994,24.00812409100007],[-97.71700704954202,24.0],[-100.0,24.0],[-100.0,38.0],[-76.92613885419381,38.0],[-76.92641478799993,37.99671646100006]]]]}},{"type":"Feature","properties":{},"geometry":{"type":"MultiPolygon","coordinates":[[[[-86.65925045499995,30.415838934000078],[-86.61709550699993,30.41201406500005],[-86.52183997299994,30.401271877000056],[-86.53014075399994,30.396877346000053],[-86.54027258999992,30.395412502000056],[-86.55138098899994,30.39679596600007],[-86.56235788303847,30.401109912618523],[-86.56278944821,30.401264716434135],[-86.56248938699991,30.40110911700009],[-86.90184485599991,30.363613186000066],[-87.24120032499991,30.326117255000042],[-87.29649817599994,30.33234284100007],[-87.27822831899994,30.33812083500004],[-87.19713294199994,30.339789130000042],[-87.08116614499994,30.356634833000044],[-87.0227758449999,30.37457916900007],[-86.95173092399995,30.373928127000056],[-86.92711341099994,30.38076406500005],[-86.91820227799991,30.383978583000044],[-86.8906957669999,30.393133856000077],[-86.87531490799995,30.395005601000037],[-86.83141028599994,30.39362213700008],[-86.72402910099993,30.406236070000034],[-86.70059160099993,30.414943752000056],[-86.69375566299993,30.40810781500005],[-86.65925045499995,30.415838934000078]]],[[[-81.23485087599994,31.526501102000054],[-81.22078058499994,31.527681633000043],[-81.20290879399994,31.534334064000063],[-81.18496334999992,31.530085360000044],[-81.17465025799993,31.521421082000074],[-81.18600798799991,31.50281225200007],[-81.19863114399993,31.48310231800008],[-81.2137149049999,31.453559403000042],[-81.23528985199994,31.43378470400006],[-81.26171836599991,31.387792473000047],[-81.27961053799993,31.38548129900005],[-81.29121018299992,31.39521708600006],[-81.3003204389999,31.41151639700007],[-81.2890763659999,31.43995590500009],[-81.2713674339999,31.46190300300009],[-81.25755547199992,31.490356090000034],[-81.2512893839999,31.504578069000047],[-81.23485087599994,31.526501102000054]]],[[[-75.89281625599995,37.14067425400009],[-75.89432347799993,37.16123954600005],[-75.90179454399993,37.17559371700008],[-75.90621378799995,37.19459019400006],[-75.90541986799991,37.23442645600005],[-75.89560335599992,37.252969990000054],[-75.88948344599993,37.280404557000054],[-75.87397053399991,37.290379804000054],[-75.85867491699992,37.28251412600008],[-75.85175154899991,37.27077289600004],[-75.85405520599994,37.26088484500008],[-75.86719605199994,37.25411214800005],[-75.87666617499991,37.240672164000046],[-75.88324570999993,37.21864807600008],[-75.8771394179999,37.205592522000074],[-75.86931388599993,37.198439284000074],[-75.8576435839999,37.19405349200008],[-75.8395503129999,37.19279357800008],[-75.82322689199992,37.196322534000046],[-75.81730165399995,37.20699019600005],[-75.81172420799993,37.209081221000076],[-75.8107792909999,37.200169376000076],[-75.81624217199993,37.18607639700008],[-75.82906399599995,37.17674031300004],[-75.84959102699992,37.16358423200006],[-75.87132791999994,37.14287224200007],[-75.88652022399992,37.123105777000035],[-75.89946046999995,37.117310204000034],[-75.91453745199993,37.11232258400008],[-75.92860193899992,37.112221513000065],[-75.92631689699994,37.11784389200005],[-75.9153836399999,37.118544935000045],[-75.90761563199993,37.122960471000056],[-75.90377292999995,37.129214309000076],[-75.89281625599995,37.14067425400009]]]]}},{"type":"Feature","properties":{},"geometry":{"type":"MultiPolygon","coordinates":[[[[-74.47691809799994,24.00999583500004],[-74.4804360739249,24.0],[-74.53372873491858,24.0],[-74.52965247299994,24.011053778000075],[-74.5254613919999,24.045721747000073],[-74.53014075399994,24.07640208500004],[-74.52969316299993,24.100409247000073],[-74.51870683499993,24.114935614000046],[-74.5012914699999,24.123846747000073],[-74.4817602199999,24.13104889500005],[-74.47622636599993,24.135199286000045],[-74.4707738919999,24.140692450000074],[-74.46483313699991,24.14394765800006],[-74.45815995999993,24.14130280200004],[-74.44318600199995,24.11668528900009],[-74.44078528599994,24.11424388200004],[-74.4387914699999,24.10382721600007],[-74.42967688699991,24.089789130000042],[-74.42711341099994,24.083238023000035],[-74.42772376199991,24.074164130000042],[-74.43321692599994,24.054429429000038],[-74.43455969999991,24.045396226000037],[-74.46306694243765,24.0],[-74.47700563831079,24.0],[-74.47671464799993,24.001613674000055],[-74.46865800699993,24.02179596600007],[-74.47691809799994,24.00999583500004]]],[[[-81.50601152299993,24.631333726000037],[-81.53083248599995,24.61522044500009],[-81.56505286399994,24.60224030200004],[-81.63646399599992,24.58356354400007],[-81.63646399599992,24.590318101000037],[-81.61693274599992,24.60545482000009],[-81.6055395169999,24.60956452000005],[-81.59544837099992,24.603989976000037],[-81.57359778599994,24.613714911000045],[-81.56749426999994,24.617661851000037],[-81.56493079299992,24.621161200000074],[-81.56167558499993,24.622748114000046],[-81.55451412699995,24.631333726000037],[-81.56924394399994,24.64004140800006],[-81.57534745999993,24.644924221000053],[-81.58116614499994,24.65180084800005],[-81.55166581899994,24.644354559000078],[-81.53868567599994,24.636460679000038],[-81.53335527299993,24.62449778900009],[-81.52717037699995,24.62449778900009],[-81.52245032499991,24.637925523000035],[-81.52570553299995,24.64789459800005],[-81.53648841099994,24.65302155200004],[-81.55451412699995,24.65180084800005],[-81.55451412699995,24.65924713700008],[-81.54898027299993,24.664943752000056],[-81.55052649599992,24.668768622000073],[-81.55724036399994,24.671128648000035],[-81.56749426999994,24.672308661000045],[-81.56065833199995,24.693426825000074],[-81.55451412699995,24.693426825000074],[-81.55500240799995,24.68817780200004],[-81.55321204299992,24.68695709800005],[-81.55020097599993,24.687160549000055],[-81.54698645699995,24.685939846000053],[-81.54010982999995,24.67523834800005],[-81.50601152299993,24.638820705000057],[-81.50601152299993,24.631333726000037]]],[[[-75.30699622299994,24.20254140800006],[-75.29043535099993,24.14472077000005],[-75.33580481699994,24.15851471600007],[-75.35643469999991,24.16014232000009],[-75.37987219999991,24.15839264500005],[-75.4251195949999,24.14996979400007],[-75.44090735599991,24.14203522300005],[-75.45840410099993,24.12791575700004],[-75.48314368399991,24.12571849200009],[-75.50991777299993,24.14207591400009],[-75.52131100199995,24.162583726000037],[-75.49962317599994,24.17259349200009],[-75.48493404899995,24.176214911000045],[-75.46361243399991,24.185614325000074],[-75.44391842399995,24.19871653900009],[-75.43390865799995,24.21360911700009],[-75.41466223899994,24.21312083500004],[-75.40575110599991,24.240301825000074],[-75.41006425699993,24.27289459800005],[-75.43073482999995,24.288723049000055],[-75.45995032499991,24.294582424000055],[-75.48058020699995,24.309393622000073],[-75.53400631399995,24.389227606000077],[-75.54190019399994,24.41746653900009],[-75.56110592399995,24.443426825000074],[-75.56550045499995,24.45693594000005],[-75.57152258999992,24.488755601000037],[-75.58849036399994,24.512640692000048],[-75.61436926999994,24.526597398000035],[-75.64736894399994,24.528957424000055],[-75.64346269399994,24.539455471000053],[-75.6426488919999,24.55149974200009],[-75.64415442599994,24.564154364000046],[-75.64736894399994,24.576117255000042],[-75.65274003799993,24.588364976000037],[-75.65782630099994,24.592922268000052],[-75.66470292899993,24.59601471600007],[-75.70885169199994,24.631333726000037],[-75.74107825399994,24.646144924000055],[-75.74982662699995,24.65180084800005],[-75.75658118399991,24.660305080000057],[-75.75755774599992,24.667914130000042],[-75.75300045499995,24.67601146000004],[-75.73216712099992,24.69863515800006],[-75.72386633999992,24.70184967700004],[-75.70885169199994,24.70018138200004],[-75.70221920499995,24.695746161000045],[-75.67536373599995,24.672308661000045],[-75.64932206899994,24.66307200700004],[-75.63731848899994,24.65696849200009],[-75.62633216099994,24.645005601000037],[-75.61856035099993,24.581244208000044],[-75.6126195949999,24.562445380000042],[-75.6028539699999,24.551906643000052],[-75.58682206899994,24.53851959800005],[-75.57201087099992,24.522691148000035],[-75.55996660099993,24.491441148000035],[-75.53221594999991,24.44489166900007],[-75.47606360599991,24.37059153900009],[-75.45811926999994,24.35732656500005],[-75.41901607999995,24.337836005000042],[-75.40038001199991,24.323472398000035],[-75.37559973899994,24.275946356000077],[-75.36961829299992,24.26825592700004],[-75.35850989499994,24.261419989000046],[-75.31468665299991,24.217352606000077],[-75.30699622299994,24.20254140800006]]],[[[-81.09276282499991,24.700873114000046],[-81.10391191299993,24.706773179000038],[-81.13609778599994,24.70701732000009],[-81.11558997299994,24.715725002000056],[-81.06143144399994,24.731350002000056],[-81.03990637899994,24.73436107000009],[-81.04063880099994,24.727362372000073],[-81.04369055899991,24.724310614000046],[-81.06712805899991,24.71588776200008],[-81.07616126199991,24.709051825000074],[-81.08250891799992,24.69944896000004],[-81.08771725199995,24.685939846000053],[-81.09276282499991,24.700873114000046]]],[[[-81.42747962099992,24.75136953300006],[-81.4246313139999,24.749823309000078],[-81.4173070949999,24.74868398600006],[-81.38768469999991,24.727484442000048],[-81.35545813699991,24.68618398600006],[-81.34056555899991,24.64671458500004],[-81.36266028599994,24.631333726000037],[-81.36424719999991,24.66120026200008],[-81.43028723899994,24.754828192000048],[-81.42747962099992,24.75136953300006]]],[[[-80.92788652299993,24.765692450000074],[-80.93211829299992,24.763739325000074],[-80.94432532499991,24.761664130000042],[-80.95889238199993,24.749335028000075],[-81.03307044199994,24.72068919500009],[-80.95555579299992,24.768744208000044],[-80.92381751199991,24.775336005000042],[-80.92381751199991,24.76911041900007],[-80.92788652299993,24.765692450000074]]],[[[-77.49510657499991,24.999335028000075],[-77.51447506399995,25.001166083000044],[-77.53294837099992,25.00071849200009],[-77.54548092399995,25.001898505000042],[-77.56187903599994,25.018866278000075],[-77.55101477799991,25.038031317000048],[-77.52717037699995,25.054388739000046],[-77.50450598899994,25.063299872000073],[-77.48985755099994,25.065619208000044],[-77.45604407499991,25.076971747000073],[-77.44082597599993,25.078517971000053],[-77.39806067599994,25.076971747000073],[-77.35562089799993,25.084051825000074],[-77.33999589799993,25.083807684000078],[-77.32607988199993,25.079331773000035],[-77.3020727199999,25.066107489000046],[-77.26382402299993,25.05809153900009],[-77.2747289699999,25.046087958000044],[-77.37950598899994,25.00153229400007],[-77.40367591099994,25.00214264500005],[-77.4356176419999,25.014878648000035],[-77.44139563699991,25.00653717700004],[-77.45287024599992,24.994614976000037],[-77.46678626199991,24.98700592700004],[-77.47996985599991,24.991359768000052],[-77.49510657499991,24.999335028000075]]],[[[-80.35334225199995,25.205552476000037],[-80.36583411399994,25.18121979400007],[-80.36148027299993,25.165716864000046],[-80.36148027299993,25.159491278000075],[-80.44277910099993,25.086411851000037],[-80.45360266799992,25.081000067000048],[-80.46450761599993,25.083807684000078],[-80.47126217399995,25.07298411700009],[-80.48033606699994,25.04979075700004],[-80.48814856699994,25.039455471000053],[-80.51915442599994,25.014878648000035],[-80.5559789699999,24.97093333500004],[-80.57860266799992,24.95026276200008],[-80.59801184799994,24.950100002000056],[-80.60350501199991,24.96112702000005],[-80.59398352799991,24.966620184000078],[-80.57884680899991,24.969875393000052],[-80.56761633999992,24.973944403000075],[-80.55565344999991,25.009019273000035],[-80.55016028599994,25.014878648000035],[-80.53408769399994,25.01658763200004],[-80.52647864499994,25.02167389500005],[-80.51231848899994,25.04287344000005],[-80.4876195949999,25.06659577000005],[-80.48086503799993,25.07843659100007],[-80.4844457669999,25.09125397300005],[-80.46304277299993,25.09398021000004],[-80.45238196499992,25.09918854400007],[-80.4434301419999,25.111151434000078],[-80.44823157499991,25.11855703300006],[-80.44859778599994,25.12213776200008],[-80.44481360599991,25.12205638200004],[-80.43724524599992,25.11859772300005],[-80.43346106699994,25.13027578300006],[-80.43903561099995,25.139797268000052],[-80.45042883999992,25.14354075700004],[-80.46450761599993,25.138413804000038],[-80.45856686099995,25.156195380000042],[-80.4134008449999,25.147406317000048],[-80.39427649599992,25.19090403900009],[-80.35732988199993,25.227362372000073],[-80.34780839799993,25.24827708500004],[-80.35024980399993,25.262844143000052],[-80.35765540299991,25.269354559000078],[-80.36534583199995,25.27480703300006],[-80.36896725199995,25.28611888200004],[-80.36266028599994,25.292181708000044],[-80.33063717399995,25.29954661700009],[-80.31745357999995,25.30695221600007],[-80.29059811099995,25.34275950700004],[-80.27342688699991,25.35260651200008],[-80.25161699099993,25.34446849200009],[-80.25487219999991,25.339016018000052],[-80.25812740799995,25.335150458000044],[-80.26170813699991,25.332424221000053],[-80.26593990799995,25.330226955000057],[-80.27269446499992,25.32367584800005],[-80.2793676419999,25.312241929000038],[-80.28441321499992,25.300441799000055],[-80.2864477199999,25.292669989000046],[-80.29133053299995,25.28261953300006],[-80.32054602799991,25.24827708500004],[-80.35334225199995,25.205552476000037]]],[[[-97.18267985699993,26.231154556000035],[-97.17742389499995,26.20500766400005],[-97.17067950899991,26.17952332100009],[-97.1644017779999,26.131494536000048],[-97.16339865099991,26.11359297900009],[-97.1663792359999,26.10284657300008],[-97.17933081399991,26.119828581000036],[-97.18831397999992,26.14933564200004],[-97.2130165669999,26.29271411600007],[-97.22716060399995,26.337414977000037],[-97.23989824099993,26.364935614000046],[-97.24917558499993,26.39081452000005],[-97.26036536399994,26.467962958000044],[-97.2683813139999,26.490383205000057],[-97.29206295499995,26.52920156500005],[-97.30134029899995,26.550482489000046],[-97.31322180899991,26.606756903000075],[-97.31810462099992,26.616441148000035],[-97.32925370999993,26.63304271000004],[-97.33788001199991,26.653957424000055],[-97.35008704299992,26.697414455000057],[-97.36339270699995,26.721177476000037],[-97.35594641799992,26.728583075000074],[-97.36253821499992,26.734442450000074],[-97.36681067599994,26.740708726000037],[-97.3692113919999,26.747788804000038],[-97.37022864499994,26.755926825000074],[-97.36823482999995,26.75995514500005],[-97.35826575399994,26.762518622000073],[-97.35594641799992,26.76585521000004],[-97.3570043609999,26.771551825000074],[-97.36192786399994,26.77928294500009],[-97.36339270699995,26.783270575000074],[-97.36742102799991,26.79120514500005],[-97.39753170499995,26.831000067000048],[-97.38805091099994,26.86554596600007],[-97.38540605399993,26.90037669500009],[-97.39391028599994,26.994289455000057],[-97.40306555899991,27.030910549000055],[-97.40501868399991,27.05076732000009],[-97.3980199859999,27.088364976000037],[-97.39708411399994,27.10732656500005],[-97.40501868399991,27.12523021000004],[-97.39696204299992,27.146185614000046],[-97.39159094999991,27.193101304000038],[-97.37706458199995,27.207831122000073],[-97.38390051999994,27.187933661000045],[-97.3762914699999,26.93162669500009],[-97.34288489499994,26.756740627000056],[-97.23867753799993,26.445786851000037],[-97.23989824099993,26.43378327000005],[-97.2312719389999,26.421087958000044],[-97.22492428299995,26.39907461100006],[-97.21219000499991,26.340282908000063],[-97.20225989499994,26.298773505000042],[-97.19831295499995,26.27610911700009],[-97.18267985699993,26.231154556000035]]],[[[-97.06753495999993,27.84088776200008],[-97.05260169199994,27.844183661000045],[-97.04401607999995,27.835272528000075],[-97.05492102799991,27.824774481000077],[-97.1780072169999,27.65284366900005],[-97.25935460499994,27.49617465500006],[-97.32025632199992,27.357574337000074],[-97.34660941699991,27.274163730000055],[-97.35164248799992,27.23517058100009],[-97.3659124909999,27.22423140400008],[-97.38809160099993,27.223944403000075],[-97.39753170499995,27.228908596000053],[-97.38975989499994,27.24555084800005],[-97.37025264099992,27.34836641800007],[-97.3387587439999,27.409122490000073],[-97.32152783399994,27.456231586000058],[-97.31239711699993,27.477972228000056],[-97.29818255999993,27.507865422000066],[-97.28295436399992,27.540472627000042],[-97.27076783899992,27.56673760700005],[-97.25723222599993,27.59275950700004],[-97.24510657499991,27.623195705000057],[-97.24400794199994,27.632635809000078],[-97.2495824859999,27.643784898000035],[-97.25413977799991,27.65965403900009],[-97.23062089799993,27.651190497000073],[-97.21922766799992,27.64394765800006],[-97.21198482999995,27.632961330000057],[-97.20571855399993,27.632961330000057],[-97.15103105399993,27.739894924000055],[-97.1238500639999,27.76951732000009],[-97.08185787699995,27.80414459800005],[-97.07542883999992,27.814520575000074],[-97.06753495999993,27.84088776200008]]],[[[-80.39110266799992,27.727443752000056],[-80.40990149599992,27.75649648600006],[-80.43846594999991,27.830471096000053],[-80.45091712099992,27.852036851000037],[-80.44741777299993,27.855617580000057],[-80.44456946499992,27.857489325000074],[-80.43724524599992,27.85956452000005],[-80.43724524599992,27.85455963700008],[-80.43553626199991,27.851711330000057],[-80.43272864499994,27.849351304000038],[-80.42979895699995,27.84589264500005],[-80.42218990799995,27.80499909100007],[-80.40192623599995,27.764146226000037],[-80.36148027299993,27.701239325000074],[-80.34723873599995,27.664129950000074],[-80.34276282499991,27.64325592700004],[-80.34105383999992,27.62246328300006],[-80.33763587099992,27.606634833000044],[-80.16722571499992,27.197007554000038],[-80.1629125639999,27.173651434000078],[-80.17731686099995,27.20221588700008],[-80.19762122299994,27.223944403000075],[-80.20815995999993,27.262925523000035],[-80.26895097599993,27.38231028900009],[-80.2727758449999,27.39679596600007],[-80.27586829299992,27.40176015800006],[-80.28954016799992,27.411810614000046],[-80.29259192599994,27.417303778000075],[-80.29405676999994,27.42991771000004],[-80.30687415299991,27.46165599200009],[-80.34780839799993,27.612494208000044],[-80.3567602199999,27.629339911000045],[-80.36583411399994,27.642238674000055],[-80.37291419199994,27.65656159100007],[-80.37779700399994,27.686468817000048],[-80.3867895169999,27.706732489000046],[-80.38878333199995,27.71865469000005],[-80.39110266799992,27.727443752000056]]],[[[-96.86758378799993,28.135565497000073],[-96.85484778599994,28.130682684000078],[-96.84536699099993,28.121242580000057],[-96.84264075399994,28.11277903900009],[-96.84569251199991,28.102850653000075],[-96.84715735599991,28.080471096000053],[-96.85008704299992,28.071193752000056],[-96.93822180899991,27.98305898600006],[-96.97923743399991,27.927801825000074],[-97.01463782499991,27.89093659100007],[-97.02867591099994,27.871527411000045],[-97.03441321499992,27.852036851000037],[-97.0430395169999,27.870306708000044],[-97.02977454299992,27.90058014500005],[-96.9934789699999,27.94830963700008],[-96.96397864499994,27.976711330000057],[-96.95933997299994,27.98305898600006],[-96.95303300699993,27.994208075000074],[-96.95335852799991,28.00031159100007],[-96.97256425699993,28.005031643000052],[-96.97256425699993,28.009914455000057],[-96.91405188699991,28.09910716400009],[-96.90025794199994,28.101955471000053],[-96.89289303299995,28.109198309000078],[-96.88760331899994,28.119208075000074],[-96.88023841099994,28.130113023000035],[-96.86758378799993,28.135565497000073]]],[[[-96.41881262899994,28.395086981000077],[-96.41234290299991,28.39752838700008],[-96.40758216099994,28.39638906500005],[-96.40379798099991,28.387111721000053],[-96.40298417899993,28.36078522300005],[-96.40379798099991,28.352362372000073],[-96.40672766799992,28.34442780200004],[-96.41515051999994,28.33307526200008],[-96.41685950399994,28.32876211100006],[-96.48949133999992,28.29710521000004],[-96.52232825399994,28.289618231000077],[-96.5535375639999,28.271429755000042],[-96.60863196499992,28.229437567000048],[-96.70262610599991,28.18553294500009],[-96.72765051999994,28.16160716400009],[-96.78115800699993,28.12645091400009],[-96.80870520699995,28.103257554000038],[-96.82087154899995,28.088324286000045],[-96.82835852799991,28.071193752000056],[-96.83580481699994,28.071193752000056],[-96.83250891799992,28.088771877000056],[-96.8242895169999,28.107489325000074],[-96.81322180899991,28.12368398600006],[-96.80166581899994,28.13385651200008],[-96.80166581899994,28.14008209800005],[-96.80899003799993,28.15143463700008],[-96.81236731699994,28.17011139500005],[-96.80776933499993,28.187648830000057],[-96.79112708199995,28.195257880000042],[-96.77074133999992,28.19745514500005],[-96.73851477799991,28.206854559000078],[-96.7222387359999,28.20897044500009],[-96.71035722599993,28.213364976000037],[-96.67210852799991,28.233710028000075],[-96.66388912699995,28.23969147300005],[-96.65428626199991,28.257147528000075],[-96.61204993399991,28.277492580000057],[-96.60244706899994,28.287502346000053],[-96.59479732999995,28.292669989000046],[-96.54845130099994,28.311428127000056],[-96.52806555899991,28.330145575000074],[-96.5149633449999,28.336818752000056],[-96.49323482999995,28.33930084800005],[-96.45543372299994,28.336004950000074],[-96.44322669199994,28.34137604400007],[-96.43114173099991,28.359767971000053],[-96.4304906889999,28.36782461100006],[-96.43146725199995,28.38898346600007],[-96.42772376199991,28.39329661700009],[-96.41881262899994,28.395086981000077]]],[[[-91.84048417899993,29.48383209800005],[-91.8980199859999,29.51703522300005],[-91.90819251199991,29.521144924000055],[-91.91844641799992,29.52997467700004],[-92.02049719999991,29.568752346000053],[-92.03652910099993,29.582098700000074],[-92.03538977799991,29.596177476000037],[-92.01231848899994,29.613714911000045],[-91.99327551999994,29.618841864000046],[-91.97370357999995,29.62051015800006],[-91.94912675699993,29.62726471600007],[-91.94351152299993,29.63153717700004],[-91.93333899599992,29.64394765800006],[-91.9292699859999,29.64712148600006],[-91.91710364499994,29.648138739000046],[-91.8613988919999,29.637193101000037],[-91.84557044199994,29.628241278000075],[-91.81997636599993,29.60614655200004],[-91.78994706899994,29.594631252000056],[-91.78868567599994,29.59247467700004],[-91.75853430899991,29.586737372000073],[-91.7339574859999,29.58502838700008],[-91.72020423099991,29.581732489000046],[-91.71397864499994,29.57371653900009],[-91.72321529899995,29.558986721000053],[-91.75963294199994,29.541164455000057],[-91.77310136599993,29.530991929000038],[-91.77843176999994,29.51430898600006],[-91.7786352199999,29.500555731000077],[-91.7808324859999,29.493353583000044],[-91.78774980399993,29.49054596600007],[-91.8020727199999,29.490057684000078],[-91.84048417899993,29.48383209800005]]],[[[-75.47354081899994,35.67487213700008],[-75.45494544199994,35.623114325000074],[-75.45181230399993,35.58250560100004],[-75.47057044199994,35.504787502000056],[-75.49083411399994,35.33641185100004],[-75.51561438699991,35.260199286000045],[-75.52538001199991,35.24396393400008],[-75.54377193899995,35.233303127000056],[-75.55370032499991,35.23200104400007],[-75.58531653599994,35.233303127000056],[-75.62315833199995,35.21906159100007],[-75.64443925699993,35.21576569200005],[-75.68219967399995,35.201239325000074],[-75.69831295499995,35.19794342700004],[-75.70400956899994,35.19594961100006],[-75.71751868399991,35.18691640800006],[-75.72557532499991,35.184881903000075],[-75.73574785099993,35.18768952000005],[-75.73338782499991,35.19403717700004],[-75.7246801419999,35.20091380400004],[-75.71568762899994,35.20538971600007],[-75.70596269399994,35.206244208000044],[-75.70156816299993,35.21002838700008],[-75.69896399599992,35.214829820000034],[-75.69456946499992,35.21906159100007],[-75.69302324099993,35.221991278000075],[-75.69237219999991,35.22687409100007],[-75.69033769399994,35.231350002000056],[-75.68496660099993,35.233303127000056],[-75.68195553299995,35.23151276200008],[-75.68106035099993,35.22801341400009],[-75.67979895699995,35.22524648600006],[-75.67536373599995,35.225816148000035],[-75.6126195949999,35.25259023600006],[-75.54312089799993,35.273098049000055],[-75.51634680899991,35.291001695000034],[-75.51707923099991,35.321478583000044],[-75.51089433499993,35.333685614000046],[-75.49876868399991,35.382879950000074],[-75.49437415299991,35.42047760600008],[-75.48452714799993,35.456691799000055],[-75.48224850199995,35.47907135600008],[-75.48363196499992,35.489935614000046],[-75.48875891799992,35.50922272300005],[-75.48912512899994,35.520697333000044],[-75.48525956899994,35.53204987200007],[-75.47166907499991,35.554348049000055],[-75.46861731699994,35.56509023600006],[-75.46934973899994,35.588771877000056],[-75.47581946499992,35.630113023000035],[-75.50096594999991,35.70331452000005],[-75.50275631399995,35.722723700000074],[-75.52000891799992,35.75665924700007],[-75.52611243399991,35.77570221600007],[-75.51707923099991,35.78074778900009],[-75.49950110599991,35.76748281500005],[-75.48668372299994,35.743801174000055],[-75.47874915299991,35.717230536000045],[-75.47606360599991,35.695379950000074],[-75.47354081899994,35.67487213700008]]],[[[-75.31358098599992,37.919094879000056],[-75.32603919199994,37.892279364000046],[-75.34214250799994,37.875660905000075],[-75.35227792499995,37.86762241900004],[-75.36541093599993,37.862877446000084],[-75.37853520999994,37.85577259900003],[-75.3929134039999,37.86469927200005],[-75.40012654299994,37.874113272000045],[-75.38877843199992,37.878387484000086],[-75.3690182979999,37.869472149000046],[-75.35827561299993,37.874211754000044],[-75.34995672999992,37.889319871000055],[-75.36372687599993,37.894950624000046],[-75.37449969499994,37.89775756900008],[-75.36796543999992,37.909090647000085],[-75.35008704299992,37.91303131700005],[-75.33910071499992,37.91620514500005],[-75.33047441299993,37.92243073100008],[-75.32526607999995,37.93268463700008],[-75.31826738199993,37.94037506700005],[-75.3047582669999,37.97361888200004],[-75.29759680899991,37.98493073100008],[-75.28495806702254,38.0],[-75.25975885630264,38.0],[-75.31358098599992,37.919094879000056]]],[[[-81.32066809799994,24.694484768000052],[-81.31554114499994,24.679632880000042],[-81.31777910099993,24.674953518000052],[-81.3255102199999,24.68427155200004],[-81.33470618399991,24.689846096000053],[-81.33788001199991,24.693304755000042],[-81.34089107999995,24.700100002000056],[-81.33690344999991,24.70380280200004],[-81.32945716099994,24.70331452000005],[-81.32066809799994,24.694484768000052]]]]}},{"type":"Feature","properties":{},"geometry":{"type":"MultiPolygon","coordinates":[[[[-76.35863196499992,24.02366771000004],[-76.37498938699991,24.046576239000046],[-76.38727779899995,24.07640208500004],[-76.39761308499993,24.09251536700009],[-76.40147864499994,24.10293203300006],[-76.40147864499994,24.11737702000005],[-76.37677975199995,24.101385809000078],[-76.32840190284452,24.0],[-76.34633669805869,24.0],[-76.35863196499992,24.02366771000004]]],[[[-77.89366614499994,24.17763906500005],[-77.94456946499992,24.154242255000042],[-77.96255449099993,24.152167059000078],[-77.96906490799995,24.15957265800006],[-77.97419186099995,24.17283763200004],[-77.97622636599993,24.186835028000075],[-77.97337805899991,24.196193752000056],[-77.96422278599994,24.19717031500005],[-77.95173092399995,24.19399648600006],[-77.94058183499993,24.19358958500004],[-77.93586178299995,24.203070380000042],[-77.92593339799993,24.20644765800006],[-77.87100175699993,24.24091217700004],[-77.86628170499995,24.242743231000077],[-77.85000566299993,24.25145091400009],[-77.83967037699995,24.25458405200004],[-77.79869544199994,24.25458405200004],[-77.80239824099993,24.24445221600007],[-77.80842037699995,24.239447333000044],[-77.82599850199995,24.23468659100007],[-77.83421790299991,24.23456452000005],[-77.83853105399993,24.237941799000055],[-77.84357662699995,24.23969147300005],[-77.85391191299993,24.23468659100007],[-77.86082923099991,24.22524648600006],[-77.87047278599994,24.19790273600006],[-77.88068600199995,24.18626536700009],[-77.89366614499994,24.17763906500005]]],[[[-77.93639075399994,24.261542059000078],[-77.94261633999992,24.253119208000044],[-77.94188391799992,24.24046458500004],[-77.93586178299995,24.22724030200004],[-77.95026607999995,24.230536200000074],[-77.97557532499991,24.227118231000077],[-77.99046790299991,24.22724030200004],[-78.00133216099994,24.23143138200004],[-78.01292883999992,24.23965078300006],[-78.0169164699999,24.248439846000053],[-78.00475012899994,24.25458405200004],[-77.97874915299991,24.25922272300005],[-77.95287024599992,24.270453192000048],[-77.93219967399995,24.27570221600007],[-77.92162024599992,24.26203034100007],[-77.93639075399994,24.261542059000078]]],[[[-76.48180091099994,24.213771877000056],[-76.49315344999991,24.218817450000074],[-76.53526770699995,24.268377997000073],[-76.54458574099993,24.283026434000078],[-76.54491126199991,24.29555898600006],[-76.52953040299991,24.28742096600007],[-76.52041581899994,24.27496979400007],[-76.51341712099992,24.260891018000052],[-76.50389563699991,24.247748114000046],[-76.49205481699994,24.239203192000048],[-76.48131262899994,24.234320380000042],[-76.47166907499991,24.22760651200008],[-76.46300208199995,24.21360911700009],[-76.48180091099994,24.213771877000056]]],[[[-77.78685462099992,24.314601955000057],[-77.79979407499991,24.317287502000056],[-77.80443274599992,24.32721588700008],[-77.79869544199994,24.337103583000044],[-77.7766820949999,24.34715403900009],[-77.75804602799991,24.35936107000009],[-77.73924719999991,24.367132880000042],[-77.71922766799992,24.37173086100006],[-77.70311438699991,24.37059153900009],[-77.69615637899994,24.36709219000005],[-77.68809973899994,24.36078522300005],[-77.68244381399995,24.352769273000035],[-77.68260657499991,24.34393952000005],[-77.69033769399994,24.338446356000077],[-77.70059160099993,24.341498114000046],[-77.71125240799995,24.347479559000078],[-77.71983801999994,24.350775458000044],[-77.73753821499992,24.349676825000074],[-77.74803626199991,24.34593333500004],[-77.76768958199995,24.326605536000045],[-77.78685462099992,24.314601955000057]]],[[[-81.69579016799992,24.590643622000073],[-81.68390865799995,24.591131903000075],[-81.65684973899994,24.597805080000057],[-81.65461178299995,24.59320709800005],[-81.65005449099993,24.576117255000042],[-81.72573808499993,24.55621979400007],[-81.72158769399994,24.559515692000048],[-81.71149654899995,24.56989166900007],[-81.71149654899995,24.576117255000042],[-81.71694902299993,24.58104075700004],[-81.71833248599995,24.58624909100007],[-81.71629798099991,24.591742255000042],[-81.71149654899995,24.597805080000057],[-81.70531165299991,24.597805080000057],[-81.69579016799992,24.590643622000073]]],[[[-80.19391842399995,25.45921458500004],[-80.20348059799994,25.43659088700008],[-80.21690833199995,25.41547272300005],[-80.23119055899991,25.40338776200008],[-80.23253333199995,25.404730536000045],[-80.23509680899991,25.404852606000077],[-80.23802649599992,25.405951239000046],[-80.22435462099992,25.416083075000074],[-80.21572831899994,25.432033596000053],[-80.19994055899991,25.48981354400007],[-80.19701087099992,25.494696356000077],[-80.18822180899991,25.49835846600007],[-80.18659420499995,25.493312893000052],[-80.18846594999991,25.48541901200008],[-80.19017493399991,25.481024481000077],[-80.19391842399995,25.45921458500004]]],[[[-80.17560787699995,25.67340729400007],[-80.18179277299993,25.681301174000055],[-80.18032792899993,25.691880601000037],[-80.16974850199995,25.70075104400007],[-80.17357337099992,25.702866929000038],[-80.17613684799994,25.704820054000038],[-80.17886308499993,25.70648834800005],[-80.18333899599992,25.707586981000077],[-80.18333899599992,25.713812567000048],[-80.17568925699993,25.71832916900007],[-80.17007402299993,25.72284577000005],[-80.16600501199991,25.728176174000055],[-80.1629125639999,25.734930731000077],[-80.15607662699995,25.734930731000077],[-80.15831458199995,25.67926666900007],[-80.1629125639999,25.67283763200004],[-80.17560787699995,25.67340729400007]]],[[[-77.83145097599993,25.708685614000046],[-77.84406490799995,25.72207265800006],[-77.86009680899991,25.748521226000037],[-77.88048255099994,25.76898834800005],[-77.88731848899994,25.78143952000005],[-77.88068600199995,25.789536851000037],[-77.86803137899994,25.78742096600007],[-77.85826575399994,25.777289130000042],[-77.82087154899995,25.716620184000078],[-77.81920325399994,25.707586981000077],[-77.83145097599993,25.708685614000046]]],[[[-77.5423070949999,26.298976955000057],[-77.57274329299992,26.268703518000052],[-77.56704667899993,26.29100169500009],[-77.57217363199993,26.30487702000005],[-77.57933508999992,26.318019924000055],[-77.57957923099991,26.337591864000046],[-77.5703832669999,26.33270905200004],[-77.54356848899994,26.31248607000009],[-77.53799394399994,26.306586005000042],[-77.5423070949999,26.298976955000057]]],[[[-82.25548255099994,26.701239325000074],[-82.25234941299993,26.699611721000053],[-82.24596106699994,26.694525458000044],[-82.24453691299993,26.670803127000056],[-82.2293188139999,26.63377513200004],[-82.22545325399994,26.611273505000042],[-82.2390844389999,26.63418203300006],[-82.24767005099994,26.654364325000074],[-82.26016191299993,26.701320705000057],[-82.25548255099994,26.701239325000074]]],[[[-82.26292883999992,26.780096747000073],[-82.25796464799993,26.75853099200009],[-82.2591039699999,26.737250067000048],[-82.2664281889999,26.714992580000057],[-82.27464758999992,26.736151434000078],[-82.27782141799992,26.78506094000005],[-82.28750566299993,26.803127346000053],[-82.28148352799991,26.809475002000056],[-82.27843176999994,26.81004466400009],[-82.27383378799993,26.803127346000053],[-82.26292883999992,26.780096747000073]]],[[[-82.66441809799994,27.40448639500005],[-82.67662512899994,27.42177969000005],[-82.6809789699999,27.434068101000037],[-82.66421464799993,27.426906643000052],[-82.65428626199991,27.419663804000038],[-82.63011633999992,27.379706122000073],[-82.5930883449999,27.33982982000009],[-82.5891820949999,27.32444896000004],[-82.60667883999992,27.33665599200009],[-82.64903723899994,27.381333726000037],[-82.65746008999992,27.39679596600007],[-82.66441809799994,27.40448639500005]]],[[[-80.6380102199999,28.193426825000074],[-80.6406957669999,28.20416901200008],[-80.64858964799993,28.222723700000074],[-80.63198808499993,28.19041575700004],[-80.62901770699995,28.18105703300006],[-80.63646399599992,28.18105703300006],[-80.6380102199999,28.193426825000074]]],[[[-96.36969967399995,28.414455471000053],[-96.31289628799993,28.45856354400007],[-96.27525794199994,28.47870514500005],[-96.23253333199995,28.489488023000035],[-96.23253333199995,28.48273346600007],[-96.24046790299991,28.48191966400009],[-96.24461829299992,28.480169989000046],[-96.24787350199995,28.477769273000035],[-96.24673417899993,28.47524648600006],[-96.25495357999995,28.471096096000053],[-96.27603105399993,28.457098700000074],[-96.28392493399991,28.447658596000053],[-96.30821692599994,28.44171784100007],[-96.33372962099992,28.418850002000056],[-96.35008704299992,28.40888092700004],[-96.36969967399995,28.40692780200004],[-96.36969967399995,28.414455471000053]]],[[[-80.65550696499992,28.59332916900007],[-80.64293372299994,28.598130601000037],[-80.62901770699995,28.598781643000052],[-80.61217200399994,28.568833726000037],[-80.6184789699999,28.537665106000077],[-80.64952551999994,28.47524648600006],[-80.65819251199991,28.43748607000009],[-80.66421464799993,28.31509023600006],[-80.66893469999991,28.29706452000005],[-80.6699926419999,28.287502346000053],[-80.66795813699991,28.275946356000077],[-80.6590063139999,28.256293036000045],[-80.65147864499994,28.239976304000038],[-80.64976966099994,28.225165106000077],[-80.66494706899994,28.25259023600006],[-80.70018469999991,28.348089911000045],[-80.71471106699994,28.36977773600006],[-80.71963456899994,28.388332424000055],[-80.72834225199995,28.46906159100007],[-80.73741614499994,28.484849351000037],[-80.73989824099993,28.51748281500005],[-80.73228919199994,28.544623114000046],[-80.71092688699991,28.544134833000044],[-80.70470130099994,28.560614325000074],[-80.69863847599993,28.56777578300006],[-80.67747962099992,28.578924872000073],[-80.65550696499992,28.59332916900007]]],[[[-90.90318762899994,29.057196356000077],[-90.87962805899991,29.051255601000037],[-90.91510982999995,29.051255601000037],[-90.94371497299994,29.06077708500004],[-90.90318762899994,29.057196356000077]]],[[[-90.31859290299991,29.078558661000045],[-90.31078040299991,29.082424221000053],[-90.30256100199995,29.084906317000048],[-90.29360917899993,29.08612702000005],[-90.28384355399993,29.086004950000074],[-90.28384355399993,29.078558661000045],[-90.34654700399994,29.05805084800005],[-90.31859290299991,29.078558661000045]]],[[[-89.95547441299993,29.27098216400009],[-89.9629613919999,29.264146226000037],[-89.95547441299993,29.25731028900009],[-89.97614498599995,29.245062567000048],[-90.01036536399994,29.229437567000048],[-90.02375240799995,29.21637604400007],[-90.03062903599994,29.21637604400007],[-90.02428137899994,29.23847077000005],[-90.00169837099992,29.24909088700008],[-89.9766332669999,29.25690338700008],[-89.9629613919999,29.27098216400009],[-89.95547441299993,29.27098216400009]]],[[[-89.16315670499995,29.504461981000077],[-89.16161048099991,29.503159898000035],[-89.16136633999992,29.50063711100006],[-89.16038977799991,29.49750397300005],[-89.16624915299991,29.482367255000042],[-89.18260657499991,29.473130601000037],[-89.20323645699995,29.469142971000053],[-89.22183183499993,29.469631252000056],[-89.18781490799995,29.48037344000005],[-89.17300370999993,29.48932526200008],[-89.16783606699994,29.503729559000078],[-89.16315670499995,29.504461981000077]]],[[[-85.1504613919999,29.644476630000042],[-85.15807044199994,29.65265534100007],[-85.16510982999995,29.661932684000078],[-85.17186438699991,29.668850002000056],[-85.18228105399993,29.673976955000057],[-85.20230058499993,29.680975653000075],[-85.21279863199993,29.688706773000035],[-85.17153886599993,29.683254299000055],[-85.15306555899991,29.68463776200008],[-85.13829505099994,29.69550202000005],[-85.11367753799993,29.691961981000077],[-85.10045325399994,29.688055731000077],[-85.08775794199994,29.686835028000075],[-85.08608964799993,29.68573639500005],[-85.08364824099993,29.675034898000035],[-85.08926347599993,29.67015208500004],[-85.09581458199995,29.66242096600007],[-85.10130774599992,29.653265692000048],[-85.1035863919999,29.64398834800005],[-85.1087133449999,29.634019273000035],[-85.12035071499992,29.633978583000044],[-85.14175370999993,29.64085521000004],[-85.1504613919999,29.644476630000042]]],[[[-89.44131425699993,29.78461334800005],[-89.43521074099993,29.772284247000073],[-89.43211829299992,29.757635809000078],[-89.42731686099995,29.743963934000078],[-89.4402563139999,29.748480536000045],[-89.44741777299993,29.75779857000009],[-89.45238196499992,29.76703522300005],[-89.45860755099994,29.771226304000038],[-89.46690833199995,29.766424872000073],[-89.47671464799993,29.74371979400007],[-89.48997962099992,29.736476955000057],[-89.49404863199993,29.77879466400009],[-89.49058997299994,29.793768622000073],[-89.47569739499994,29.80536530200004],[-89.46336829299992,29.798895575000074],[-89.45860755099994,29.795396226000037],[-89.45518958199995,29.79169342700004],[-89.44131425699993,29.78461334800005]]],[[[-89.29360917899993,29.807114976000037],[-89.28376217399995,29.811021226000037],[-89.27717037699995,29.81207916900007],[-89.27647864499994,29.80536530200004],[-89.29067949099993,29.771226304000038],[-89.33702551999994,29.806626695000034],[-89.33543860599991,29.812201239000046],[-89.30435136599993,29.80536530200004],[-89.29360917899993,29.807114976000037]]],[[[-84.59341386599993,29.81854889500005],[-84.58360755099994,29.82184479400007],[-84.57640540299991,29.81976959800005],[-84.58633378799993,29.799953518000052],[-84.6087133449999,29.78925202000005],[-84.66470292899993,29.77871328300006],[-84.65684973899994,29.787054755000042],[-84.61701412699995,29.80536530200004],[-84.59341386599993,29.81854889500005]]],[[[-89.23875891799992,29.941351630000042],[-89.23884029899995,29.93626536700009],[-89.23550370999993,29.931626695000034],[-89.24058997299994,29.929348049000055],[-89.25527910099993,29.929348049000055],[-89.27407792899993,29.926336981000077],[-89.28482011599993,29.923488674000055],[-89.29393469999991,29.920070705000057],[-89.29548092399995,29.924627997000073],[-89.27904212099992,29.937201239000046],[-89.2610570949999,29.943345445000034],[-89.23436438699991,29.948431708000044],[-89.23875891799992,29.941351630000042]]],[[[-89.28062903599994,29.965765692000048],[-89.29580644399994,29.942206122000073],[-89.30410722599993,29.93235911700009],[-89.32258053299995,29.917181708000044],[-89.32787024599992,29.91592031500005],[-89.31773841099994,29.92609284100007],[-89.30943762899994,29.93650950700004],[-89.30435136599993,29.94599030200004],[-89.29381262899994,29.962103583000044],[-89.27806555899991,29.982123114000046],[-89.27293860599991,29.982082424000055],[-89.28062903599994,29.965765692000048]]],[[[-89.42642167899993,30.148382880000042],[-89.42491614499994,30.142564195000034],[-89.43126380099994,30.133368231000077],[-89.43936113199993,30.136542059000078],[-89.43301347599993,30.145697333000044],[-89.42642167899993,30.148382880000042]]],[[[-88.92784583199995,30.217596747000073],[-88.94273841099994,30.213812567000048],[-88.96930904899995,30.210638739000046],[-88.96735592399995,30.21430084800005],[-88.94078528599994,30.21751536700009],[-88.92784583199995,30.217596747000073]]],[[[-88.50304114499994,30.223781643000052],[-88.42735755099994,30.21625397300005],[-88.43419348899994,30.209418036000045],[-88.46971594999991,30.21084219000005],[-88.50304114499994,30.21625397300005],[-88.50304114499994,30.223781643000052]]],[[[-89.05748450399994,30.25267161700009],[-89.06297766799992,30.249741929000038],[-89.06554114499994,30.246975002000056],[-89.06480872299994,30.236761786000045],[-89.06818600199995,30.225816148000035],[-89.08462480399993,30.195786851000037],[-89.08946692599994,30.196600653000075],[-89.09251868399991,30.197658596000053],[-89.09528561099995,30.19953034100007],[-89.0989477199999,30.203273830000057],[-89.09483801999994,30.20612213700008],[-89.08950761599993,30.21198151200008],[-89.08462480399993,30.21625397300005],[-89.09215247299994,30.223781643000052],[-89.0989477199999,30.21625397300005],[-89.10798092399995,30.227118231000077],[-89.12140865799995,30.230861721000053],[-89.15355383999992,30.22992584800005],[-89.15355383999992,30.236761786000045],[-89.10130774599992,30.23505280200004],[-89.07701575399994,30.240790106000077],[-89.06480872299994,30.257798570000034],[-89.05797278599994,30.257798570000034],[-89.05748450399994,30.25267161700009]]],[[[-79.34162350199995,33.04523346600007],[-79.36095130099994,33.00568268400008],[-79.36839758999992,33.00568268400008],[-79.36807206899994,33.02488841400009],[-79.36310787699995,33.043036200000074],[-79.35309811099995,33.05756256700005],[-79.33775794199994,33.06614817900004],[-79.33556067599994,33.06468333500004],[-79.33511308499993,33.06317780200004],[-79.33657792899993,33.061712958000044],[-79.34044348899994,33.060248114000046],[-79.34162350199995,33.04523346600007]]],[[[-77.96328691299993,33.89447663000004],[-77.94204667899993,33.91681549700007],[-77.96239173099991,33.85687897300005],[-77.96996008999992,33.84796784100007],[-77.98131262899994,33.85382721600007],[-77.99771074099993,33.85895416900007],[-78.01227779899995,33.86562734600005],[-78.01781165299991,33.875881252000056],[-78.01008053299995,33.89203522300005],[-77.99522864499994,33.899318752000056],[-77.97972571499992,33.89817942900004],[-77.96996008999992,33.889553127000056],[-77.96328691299993,33.89447663000004]]],[[[-77.86400305899991,34.11367422100005],[-77.85655676999994,34.142645575000074],[-77.84422766799992,34.16665273600006],[-77.81920325399994,34.17747630400004],[-77.81871497299994,34.17267487200007],[-77.82062740799995,34.171576239000046],[-77.82335364499994,34.171861070000034],[-77.82599850199995,34.17064036700009],[-77.84593665299991,34.12376536700009],[-77.86017818899995,34.10040924700007],[-77.87441972599993,34.08812083500004],[-77.86400305899991,34.11367422100005]]],[[[-77.41372636599993,34.503973700000074],[-77.37413489499994,34.523138739000046],[-77.35301673099991,34.52757396000004],[-77.35252844999991,34.52228424700007],[-77.35440019399994,34.521185614000046],[-77.35741126199991,34.52138906500005],[-77.36046301999994,34.52008698100008],[-77.38634192599994,34.50169505400004],[-77.46776282499991,34.46539948100008],[-77.50072180899991,34.458685614000046],[-77.51455644399994,34.45376211100006],[-77.61778723899994,34.37763092700004],[-77.63418535099993,34.362494208000044],[-77.61473548099991,34.39545319200005],[-77.57872473899994,34.42536041900007],[-77.44981848899994,34.49567291900007],[-77.43187415299991,34.499660549000055],[-77.41372636599993,34.503973700000074]]],[[[-76.73355058499993,34.71759674700007],[-76.68146725199995,34.705145575000074],[-76.68146725199995,34.69822825700004],[-76.80186926999994,34.705145575000074],[-76.82750403599994,34.70294830900008],[-77.09976152299993,34.64984772300005],[-77.08238684799994,34.66547272300005],[-77.05443274599992,34.67487213700008],[-76.89745032499991,34.69822825700004],[-76.73355058499993,34.71759674700007]]],[[[-76.07249915299991,35.07477448100008],[-76.05968176999994,35.071478583000044],[-76.0371801419999,35.06134674700007],[-76.04059811099995,35.05768463700008],[-76.04393469999991,35.056301174000055],[-76.04751542899993,35.05573151200008],[-76.05142167899993,35.05459219000005],[-76.12559973899994,35.01154205900008],[-76.14085852799991,34.99249909100007],[-76.14704342399995,34.99249909100007],[-76.13727779899995,35.00340403900009],[-76.10643469999991,35.03034088700008],[-76.09984290299991,35.044623114000046],[-76.09650631399995,35.04962799700007],[-76.08897864499994,35.05524323100008],[-76.08153235599991,35.062201239000046],[-76.07811438699991,35.071600653000075],[-76.07249915299991,35.07477448100008]]],[[[-75.66043040099993,37.443184451000036],[-75.68503757199994,37.414915019000034],[-75.7192143119999,37.368297608000034],[-75.7245737689999,37.373899392000055],[-75.70794593799991,37.39861533100009],[-75.68431912199992,37.436734982000075],[-75.67647746699993,37.45507299500008],[-75.67032944699992,37.462843914000075],[-75.65612742099995,37.46150550100003],[-75.66043040099993,37.443184451000036]]],[[[-75.61339190599995,37.578002807000075],[-75.59980591999994,37.575130510000065],[-75.60219467699994,37.56240827900007],[-75.64253235099994,37.51139681800004],[-75.6595747099999,37.48297574900005],[-75.67061725099995,37.477057165000076],[-75.67437474699994,37.48583466200006],[-75.66219507699992,37.50446151600005],[-75.6439288489999,37.534846196000046],[-75.6342270049999,37.55835401600007],[-75.62198107299992,37.57111973600007],[-75.61339190599995,37.578002807000075]]],[[[-75.9812909719999,37.99283625400005],[-75.98976847099993,37.973150901000054],[-75.99565052899993,37.94514658200006],[-76.00504931599994,37.95047152700005],[-76.01015300099994,37.960734322000064],[-76.02135902399993,37.96113966900003],[-76.01687025799993,37.95038143600004],[-76.0192800019999,37.94398581300004],[-76.01982312099994,37.93760442300004],[-76.01722617099995,37.92879434300005],[-76.02281804699993,37.92826020200005],[-76.02636789899992,37.91351525600004],[-76.02949590499992,37.91496244700005],[-76.0315451699999,37.92966381300005],[-76.02983174399992,37.94194189800004],[-76.02745345499994,37.95079047000007],[-76.03310258399995,37.95467135300004],[-76.03678647099991,37.950718316000064],[-76.0436132769999,37.94919218000007],[-76.04506463999991,37.96537037100006],[-76.04525466599995,37.98008777000007],[-76.05142167899993,37.99408600500004],[-76.04613196499992,37.99941640800006],[-76.03056423299995,37.99982701600004],[-76.01364889399991,37.991614997000056],[-76.0041335452312,38.0],[-75.98292361856122,38.0],[-75.9812909719999,37.99283625400005]]],[[[-79.26650956899994,25.53782786700009],[-79.26211503799993,25.52806224200009],[-79.26431230399993,25.52879466400009],[-79.26870683499993,25.53856028900009],[-79.26650956899994,25.53782786700009]]],[[[-79.28844153599994,25.562974351000037],[-79.27940833199995,25.551662502000056],[-79.27989661399994,25.547796942000048],[-79.28892981699994,25.559149481000077],[-79.28844153599994,25.562974351000037]]],[[[-77.83975175699993,24.350083726000037],[-77.83283443899995,24.349554755000042],[-77.83702551999994,24.342189846000053],[-77.84862219999991,24.32758209800005],[-77.86729895699995,24.319484768000052],[-77.88369706899994,24.327337958000044],[-77.88361568899995,24.341131903000075],[-77.8692113919999,24.346828518000052],[-77.83975175699993,24.350083726000037]]],[[[-76.77306067599994,24.531724351000037],[-76.77257239499994,24.51911041900007],[-76.77892005099994,24.51434967700004],[-76.78929602799991,24.518500067000048],[-76.79507402299993,24.53143952000005],[-76.79238847599993,24.54913971600007],[-76.78465735599991,24.55296458500004],[-76.77749589799993,24.543850002000056],[-76.77432206899994,24.53864166900007],[-76.77306067599994,24.531724351000037]]],[[[-82.11375891799992,24.55731842700004],[-82.11880449099993,24.553615627000056],[-82.12877356699994,24.550848700000074],[-82.12828528599994,24.55369700700004],[-82.11839758999992,24.556463934000078],[-82.11375891799992,24.55731842700004]]],[[[-82.12791907499991,24.58926015800006],[-82.13475501199991,24.592962958000044],[-82.1399633449999,24.59332916900007],[-82.14574133999992,24.592718817000048],[-82.14293372299994,24.595851955000057],[-82.13174394399994,24.598089911000045],[-82.11937415299991,24.594671942000048],[-82.10960852799991,24.58612702000005],[-82.10773678299995,24.57526276200008],[-82.11046301999994,24.56549713700008],[-82.11156165299991,24.57094961100006],[-82.11961829299992,24.585109768000052],[-82.12791907499991,24.58926015800006]]],[[[-81.41759192599994,24.659409898000035],[-81.41063391799992,24.655422268000052],[-81.41478430899991,24.647691148000035],[-81.42174231699994,24.65176015800006],[-81.42446855399993,24.65497467700004],[-81.41759192599994,24.659409898000035]]],[[[-81.26024329299992,24.671698309000078],[-81.25837154899995,24.667629299000055],[-81.26634680899991,24.66038646000004],[-81.27603105399993,24.655585028000075],[-81.27749589799993,24.65761953300006],[-81.26520748599995,24.67129140800006],[-81.26024329299992,24.671698309000078]]],[[[-81.4422094389999,24.671535549000055],[-81.43932044199994,24.66038646000004],[-81.44139563699991,24.650539455000057],[-81.44684811099995,24.650783596000053],[-81.44908606699994,24.655218817000048],[-81.46068274599992,24.66437409100007],[-81.46198482999995,24.67096588700008],[-81.45543372299994,24.67609284100007],[-81.45384680899991,24.677679755000042],[-81.45738684799994,24.67792389500005],[-81.45543372299994,24.681341864000046],[-81.4480688139999,24.680568752000056],[-81.4422094389999,24.671535549000055]]],[[[-81.47972571499992,24.67251211100006],[-81.47842363199993,24.654120184000078],[-81.48131262899994,24.64984772300005],[-81.48542232999995,24.65696849200009],[-81.49111894399994,24.662258205000057],[-81.4973852199999,24.66396719000005],[-81.50243079299992,24.662665106000077],[-81.50645911399994,24.660101630000042],[-81.51113847599993,24.661322333000044],[-81.5137426419999,24.663275458000044],[-81.51610266799992,24.66547272300005],[-81.52017167899993,24.67405833500004],[-81.51903235599991,24.687323309000078],[-81.51500403599994,24.697739976000037],[-81.51162675699993,24.698431708000044],[-81.50698808499993,24.695868231000077],[-81.50088456899994,24.695257880000042],[-81.49315344999991,24.69212474200009],[-81.48574785099993,24.68650950700004],[-81.48241126199991,24.683254299000055],[-81.47972571499992,24.67251211100006]]],[[[-80.69933020699995,24.876288153000075],[-80.71084550699993,24.86432526200008],[-80.71825110599991,24.859442450000074],[-80.73355058499993,24.85032786700009],[-80.7383520169999,24.850734768000052],[-80.73599199099993,24.857367255000042],[-80.72972571499992,24.86277903900009],[-80.72105872299994,24.86668528900009],[-80.70083574099993,24.881008205000057],[-80.69933020699995,24.876288153000075]]],[[[-81.04279537699995,25.307440497000073],[-81.03978430899991,25.296698309000078],[-81.04849199099993,25.284979559000078],[-81.05174719999991,25.27830638200004],[-81.05874589799993,25.273993231000077],[-81.06688391799992,25.27676015800006],[-81.07461503799993,25.288723049000055],[-81.07835852799991,25.301703192000048],[-81.07286536399994,25.31004466400009],[-81.05980383999992,25.311712958000044],[-81.04747473899994,25.309393622000073],[-81.04279537699995,25.307440497000073]]],[[[-81.08629309799994,25.331244208000044],[-81.08568274599992,25.32689036700009],[-81.08812415299991,25.322414455000057],[-81.09072831899994,25.31281159100007],[-81.10033118399991,25.318182684000078],[-81.10863196499992,25.323960679000038],[-81.12222245999993,25.33657461100006],[-81.1165258449999,25.341945705000057],[-81.11042232999995,25.340318101000037],[-81.11270097599993,25.33820221600007],[-81.1087133449999,25.337632554000038],[-81.09727942599994,25.34007396000004],[-81.08901933499993,25.33885325700004],[-81.08629309799994,25.331244208000044]]],[[[-77.87950598899994,25.407863674000055],[-77.88841712099992,25.408758856000077],[-77.90672766799992,25.409084377000056],[-77.90587317599994,25.410956122000073],[-77.90001380099994,25.41547272300005],[-77.89240475199995,25.41868724200009],[-77.88630123599995,25.419175523000035],[-77.87482662699995,25.41828034100007],[-77.85912024599992,25.419256903000075],[-77.84727942599994,25.425848700000074],[-77.83958899599992,25.43496328300006],[-77.83682206899994,25.434515692000048],[-77.84215247299994,25.42324453300006],[-77.85204016799992,25.41274648600006],[-77.86412512899994,25.407904364000046],[-77.87950598899994,25.407863674000055]]],[[[-79.24608313699991,25.76386139500005],[-79.24323482999995,25.74290599200009],[-79.24592037699995,25.73456452000005],[-79.24803626199991,25.73895905200004],[-79.25462805899991,25.736029364000046],[-79.26695716099994,25.732489325000074],[-79.26870683499993,25.74160390800006],[-79.26170813699991,25.756659247000073],[-79.26553300699993,25.76162344000005],[-79.27904212099992,25.74998607000009],[-79.28624426999994,25.741522528000075],[-79.29157467399995,25.73383209800005],[-79.29385331899994,25.72068919500009],[-79.28331458199995,25.71279531500005],[-79.26813717399995,25.707098700000074],[-79.25804602799991,25.699042059000078],[-79.26183020699995,25.693752346000053],[-79.28917395699995,25.697658596000053],[-79.30064856699994,25.69794342700004],[-79.30426998599995,25.702337958000044],[-79.30125891799992,25.716864325000074],[-79.29381262899994,25.736029364000046],[-79.28034420499995,25.75722890800006],[-79.2610570949999,25.771918036000045],[-79.2500707669999,25.774725653000075],[-79.24608313699991,25.76386139500005]]],[[[-81.37319902299993,25.816107489000046],[-81.37071692599994,25.81012604400007],[-81.37743079299992,25.807033596000053],[-81.38756262899994,25.80609772300005],[-81.39321855399993,25.80219147300005],[-81.39708411399994,25.79759349200009],[-81.39989173099991,25.794867255000042],[-81.3997289699999,25.791815497000073],[-81.40322831899994,25.793524481000077],[-81.40680904899995,25.796698309000078],[-81.41771399599992,25.80878327000005],[-81.42516028599994,25.811468817000048],[-81.43333899599992,25.804754950000074],[-81.43956458199995,25.803900458000044],[-81.43984941299993,25.82648346600007],[-81.44123287699995,25.832505601000037],[-81.44050045499995,25.84243398600006],[-81.42951412699995,25.850897528000075],[-81.41222083199995,25.84324778900009],[-81.40518144399994,25.83698151200008],[-81.38707434799994,25.82412344000005],[-81.38048255099994,25.82094961100006],[-81.37319902299993,25.816107489000046]]],[[[-81.45962480399993,25.822821356000077],[-81.46694902299993,25.829331773000035],[-81.47105872299994,25.835272528000075],[-81.47386633999992,25.840399481000077],[-81.47956295499995,25.847601630000042],[-81.49526933499993,25.84870026200008],[-81.49803626199991,25.852118231000077],[-81.50283769399994,25.85545482000009],[-81.5078832669999,25.852036851000037],[-81.50837154899995,25.847316799000055],[-81.5091039699999,25.843491929000038],[-81.51097571499992,25.836859442000048],[-81.51203365799995,25.83612702000005],[-81.51211503799993,25.840277411000045],[-81.5149633449999,25.843003648000035],[-81.51976477799991,25.84870026200008],[-81.5169164699999,25.859767971000053],[-81.50304114499994,25.86587148600006],[-81.49445553299995,25.867621161000045],[-81.48981686099995,25.86981842700004],[-81.47435462099992,25.87246328300006],[-81.46515865799995,25.865668036000045],[-81.45799719999991,25.850409247000073],[-81.45612545499995,25.841864325000074],[-81.45343990799995,25.838812567000048],[-81.4505102199999,25.83234284100007],[-81.45335852799991,25.825506903000075],[-81.45962480399993,25.822821356000077]]],[[[-81.6634008449999,25.896918036000045],[-81.66002356699994,25.886542059000078],[-81.67202714799993,25.867254950000074],[-81.67739824099993,25.861476955000057],[-81.6902563139999,25.863104559000078],[-81.69615637899994,25.865790106000077],[-81.69880123599995,25.87262604400007],[-81.70156816299993,25.877508856000077],[-81.7063695949999,25.88149648600006],[-81.70856686099995,25.88377513200004],[-81.71076412699995,25.88971588700008],[-81.70840410099993,25.89866771000004],[-81.69896399599992,25.89984772300005],[-81.68887285099993,25.899318752000056],[-81.67613684799994,25.901271877000056],[-81.6634008449999,25.896918036000045]]],[[[-81.53604081899994,25.88499583500004],[-81.53355872299994,25.878648179000038],[-81.53648841099994,25.870917059000078],[-81.54576575399994,25.853664455000057],[-81.54849199099993,25.857489325000074],[-81.54645748599995,25.872748114000046],[-81.54784094999991,25.881659247000073],[-81.5540258449999,25.884507554000038],[-81.55870520699995,25.889064846000053],[-81.56102454299992,25.89484284100007],[-81.55833899599992,25.90338776200008],[-81.54588782499991,25.902411200000074],[-81.53921464799993,25.895331122000073],[-81.54222571499992,25.893866278000075],[-81.54312089799993,25.893011786000045],[-81.54100501199991,25.89012278900009],[-81.53604081899994,25.88499583500004]]],[[[-77.2376195949999,26.47406647300005],[-77.23607337099992,26.470363674000055],[-77.23656165299991,26.46938711100006],[-77.23843339799993,26.47016022300005],[-77.24209550699993,26.47060781500005],[-77.24299068899995,26.46906159100007],[-77.24071204299992,26.467352606000077],[-77.24046790299991,26.466620184000078],[-77.24250240799995,26.46621328300006],[-77.24351966099994,26.454413153000075],[-77.24103756399995,26.44281647300005],[-77.24665279899995,26.438666083000044],[-77.25055904899995,26.43821849200009],[-77.25454667899993,26.43813711100006],[-77.26329505099994,26.442206122000073],[-77.26744544199994,26.453273830000057],[-77.27232825399994,26.460679429000038],[-77.27822831899994,26.46580638200004],[-77.2766820949999,26.469956773000035],[-77.27236894399994,26.46946849200009],[-77.26756751199991,26.47256094000005],[-77.26183020699995,26.477850653000075],[-77.25377356699994,26.48004791900007],[-77.24425208199995,26.478461005000042],[-77.2376195949999,26.47406647300005]]],[[[-77.84845943899995,26.605536200000074],[-77.83751380099994,26.61351146000004],[-77.83462480399993,26.610541083000044],[-77.84361731699994,26.600734768000052],[-77.84707597599993,26.594875393000052],[-77.84715735599991,26.59052155200004],[-77.85187740799995,26.583319403000075],[-77.85558020699995,26.572739976000037],[-77.86192786399994,26.564113674000055],[-77.86839758999992,26.56386953300006],[-77.87051347599993,26.56671784100007],[-77.87287350199995,26.57054271000004],[-77.88658606699994,26.585598049000055],[-77.89110266799992,26.59406159100007],[-77.89313717399995,26.60260651200008],[-77.88780676999994,26.606594143000052],[-77.85757402299993,26.611761786000045],[-77.85309811099995,26.60700104400007],[-77.86241614499994,26.596625067000048],[-77.86449133999992,26.59365469000005],[-77.85708574099993,26.59784577000005],[-77.85383053299995,26.600775458000044],[-77.84845943899995,26.605536200000074]]],[[[-82.66706295499995,28.722357489000046],[-82.67227128799993,28.715236721000053],[-82.67373613199993,28.71442291900007],[-82.67821204299992,28.71426015800006],[-82.68187415299991,28.716945705000057],[-82.68187415299991,28.720851955000057],[-82.69603430899991,28.72557200700004],[-82.69587154899995,28.728949286000045],[-82.69200598899994,28.72915273600006],[-82.68814042899993,28.728989976000037],[-82.6856176419999,28.73004791900007],[-82.68927975199995,28.731756903000075],[-82.68895423099991,28.735296942000048],[-82.68321692599994,28.73773834800005],[-82.67760169199994,28.736070054000038],[-82.67271887899994,28.73704661700009],[-82.66600501199991,28.734442450000074],[-82.66706295499995,28.722357489000046]]],[[[-82.69273841099994,28.769354559000078],[-82.69163977799991,28.773098049000055],[-82.69546464799993,28.77643463700008],[-82.69758053299995,28.78229401200008],[-82.69493567599994,28.787583726000037],[-82.68809973899994,28.78815338700008],[-82.67992102799991,28.78465403900009],[-82.67349199099993,28.777085679000038],[-82.67381751199991,28.76666901200008],[-82.68219967399995,28.760321356000077],[-82.69253495999993,28.760239976000037],[-82.69737708199995,28.761460679000038],[-82.69640051999994,28.76398346600007],[-82.69273841099994,28.769354559000078]]],[[[-90.64883378799993,29.06940338700008],[-90.64220130099994,29.07294342700004],[-90.64395097599993,29.07062409100007],[-90.6563207669999,29.06321849200009],[-90.67275956899994,29.05727773600006],[-90.74941972599993,29.040961005000042],[-90.76520748599995,29.040961005000042],[-90.76716061099995,29.04706452000005],[-90.73997962099992,29.052883205000057],[-90.73501542899993,29.05760325700004],[-90.71410071499992,29.06541575700004],[-90.70824133999992,29.06541575700004],[-90.70543372299994,29.061753648000035],[-90.69684811099995,29.05923086100006],[-90.68407141799992,29.06085846600007],[-90.67662512899994,29.06517161700009],[-90.67357337099992,29.06793854400007],[-90.65709387899994,29.066839911000045],[-90.65208899599992,29.067206122000073],[-90.64883378799993,29.06940338700008]]],[[[-90.41397050699993,29.052435614000046],[-90.4134008449999,29.048570054000038],[-90.42015540299991,29.04873281500005],[-90.46458899599992,29.057806708000044],[-90.51235917899993,29.07485586100006],[-90.51097571499992,29.08030833500004],[-90.45230058499993,29.069566148000035],[-90.42857825399994,29.06122467700004],[-90.41738847599993,29.055487372000073],[-90.41397050699993,29.052435614000046]]],[[[-83.03294837099992,29.14126211100006],[-83.02965247299994,29.139797268000052],[-83.03677324099993,29.137518622000073],[-83.04995683499993,29.131984768000052],[-83.05817623599995,29.13617584800005],[-83.05752519399994,29.150091864000046],[-83.05028235599991,29.15570709800005],[-83.04295813699991,29.151271877000056],[-83.03819739499994,29.14520905200004],[-83.03294837099992,29.14126211100006]]],[[[-90.45254472599993,29.22402578300006],[-90.45360266799992,29.237982489000046],[-90.44627844999991,29.260321356000077],[-90.43455969999991,29.264471747000073],[-90.43382727799991,29.255113023000035],[-90.4402563139999,29.247707424000055],[-90.44676673099991,29.242132880000042],[-90.4500219389999,29.23509349200009],[-90.45254472599993,29.22402578300006]]],[[[-89.92275956899994,29.28929271000004],[-89.91315670499995,29.290228583000044],[-89.91445878799993,29.284857489000046],[-89.92926998599995,29.276597398000035],[-89.93895423099991,29.27724844000005],[-89.93382727799991,29.28457265800006],[-89.92784583199995,29.28815338700008],[-89.92275956899994,29.28929271000004]]],[[[-89.99323482999995,29.45844147300005],[-89.9915258449999,29.45571523600006],[-89.99168860599991,29.44863515800006],[-89.99583899599992,29.44481028900009],[-90.00104732999995,29.445705471000053],[-90.01573645699995,29.443793036000045],[-90.02131100199995,29.44830963700008],[-90.02489173099991,29.456854559000078],[-90.03148352799991,29.463283596000053],[-90.03921464799993,29.46442291900007],[-90.04434160099993,29.461411851000037],[-90.04995683499993,29.461411851000037],[-90.05378170499995,29.46352773600006],[-90.05768795499995,29.46621328300006],[-90.06208248599995,29.47284577000005],[-90.0613500639999,29.47724030200004],[-90.05882727799991,29.47801341400009],[-90.06419837099992,29.478664455000057],[-90.07860266799992,29.476629950000074],[-90.09194902299993,29.473537502000056],[-90.10179602799991,29.478338934000078],[-90.11900794199994,29.496242580000057],[-90.11986243399991,29.505519924000055],[-90.11351477799991,29.51072825700004],[-90.10464433499993,29.511379299000055],[-90.09581458199995,29.51007721600007],[-90.08177649599992,29.51129791900007],[-90.06110592399995,29.50454336100006],[-90.05357825399994,29.500474351000037],[-90.04898027299993,29.496649481000077],[-90.0410863919999,29.493394273000035],[-90.0301000639999,29.49091217700004],[-90.02041581899994,29.48663971600007],[-90.01455644399994,29.478583075000074],[-90.01805579299992,29.474351304000038],[-90.02839107999995,29.475409247000073],[-90.0281469389999,29.471909898000035],[-90.01805579299992,29.461330471000053],[-90.0091039699999,29.457586981000077],[-90.00186113199993,29.45962148600006],[-89.99844316299993,29.46124909100007],[-89.99730383999992,29.46556224200009],[-89.99571692599994,29.46474844000005],[-89.99486243399991,29.459377346000053],[-89.9949438139999,29.45661041900007],[-89.99323482999995,29.45844147300005]]],[[[-89.05479895699995,29.563625393000052],[-89.04991614499994,29.565008856000077],[-89.0540258449999,29.559515692000048],[-89.08409583199995,29.529445705000057],[-89.09142005099994,29.523911851000037],[-89.09850012899994,29.52094147300005],[-89.05703691299993,29.56207916900007],[-89.05479895699995,29.563625393000052]]],[[[-88.97008216099994,29.639797268000052],[-88.96450761599993,29.64276764500005],[-88.9688207669999,29.63857656500005],[-88.97826087099992,29.631659247000073],[-88.97960364499994,29.632879950000074],[-88.97008216099994,29.639797268000052]]],[[[-81.14925805099995,31.698338704000037],[-81.1364345319999,31.698409526000034],[-81.13125953399992,31.69297829800007],[-81.13371571699992,31.679863862000047],[-81.13352662599993,31.656941275000065],[-81.12816894999992,31.628596155000082],[-81.13828311299994,31.61217242200007],[-81.14960126499994,31.587015093000048],[-81.16095992399994,31.56731375000004],[-81.17507115399991,31.570502761000057],[-81.17009019999995,31.586896920000072],[-81.16763960299994,31.600002680000046],[-81.17799249799992,31.611943952000047],[-81.17948452999991,31.635942425000053],[-81.17193917999992,31.652357992000077],[-81.16055492399994,31.669889304000037],[-81.14925805099995,31.698338704000037]]]]}},{"type":"Feature","properties":{},"geometry":{"type":"MultiPolygon","coordinates":[[[[-81.74087480399993,24.573187567000048],[-81.73668372299994,24.569525458000044],[-81.7337133449999,24.564154364000046],[-81.73200436099995,24.55621979400007],[-81.73766028599994,24.557806708000044],[-81.74132239499994,24.560695705000057],[-81.74380449099993,24.56464264500005],[-81.74624589799993,24.56989166900007],[-81.74722245999993,24.567572333000044],[-81.74730383999992,24.56443919500009],[-81.74840247299994,24.564113674000055],[-81.75251217399995,24.56989166900007],[-81.75572669199994,24.562445380000042],[-81.75991777299993,24.55621979400007],[-81.76939856699994,24.55019765800006],[-81.78441321499992,24.546128648000035],[-81.81456458199995,24.54254791900007],[-81.81029212099992,24.55817291900007],[-81.80186926999994,24.560288804000038],[-81.79124915299991,24.557074286000045],[-81.78038489499994,24.55621979400007],[-81.77293860599991,24.559719143000052],[-81.75251217399995,24.576117255000042],[-81.74624589799993,24.576117255000042],[-81.74087480399993,24.573187567000048]]],[[[-80.80215410099993,24.833685614000046],[-80.80231686099995,24.82689036700009],[-80.79971269399994,24.82526276200008],[-80.79352779899995,24.830552476000037],[-80.78734290299991,24.830552476000037],[-80.78709876199991,24.825995184000078],[-80.78844153599994,24.82294342700004],[-80.79352779899995,24.816880601000037],[-80.80215410099993,24.809881903000075],[-80.81847083199995,24.805812893000052],[-80.85496985599991,24.803290106000077],[-80.8450414699999,24.81435781500005],[-80.80036373599995,24.843573309000078],[-80.80215410099993,24.833685614000046]]],[[[-82.09626217399995,26.45453522300005],[-82.07681230399993,26.456203518000052],[-82.0684301419999,26.467962958000044],[-82.02684485599991,26.44745514500005],[-82.04552161399994,26.443752346000053],[-82.07091223899994,26.424627997000073],[-82.08824622299994,26.41950104400007],[-82.1035863919999,26.42255280200004],[-82.16392981699994,26.454291083000044],[-82.17503821499992,26.46246979400007],[-82.18407141799992,26.47333405200004],[-82.19131425699993,26.488430080000057],[-82.20067298099991,26.519598700000074],[-82.20494544199994,26.550482489000046],[-82.19627844999991,26.54450104400007],[-82.19078528599994,26.53652578300006],[-82.18716386599993,26.52692291900007],[-82.18443762899994,26.515773830000057],[-82.17589270699995,26.494940497000073],[-82.1641332669999,26.47955963700008],[-82.14879309799994,26.468573309000078],[-82.12922115799995,26.46112702000005],[-82.09626217399995,26.45453522300005]]],[[[-82.13243567599994,26.609808661000045],[-82.14574133999992,26.64012278900009],[-82.16466223899994,26.671942450000074],[-82.17764238199993,26.701320705000057],[-82.16397050699993,26.701320705000057],[-82.14391028599994,26.694647528000075],[-82.12450110599991,26.67645905200004],[-82.11363684799994,26.654364325000074],[-82.12319902299993,26.61871979400007],[-82.11156165299991,26.59638092700004],[-82.09601803299995,26.57493724200009],[-82.08824622299994,26.56045156500005],[-82.08096269399994,26.509019273000035],[-82.08202063699991,26.491522528000075],[-82.09508216099994,26.495835679000038],[-82.10850989499994,26.51630280200004],[-82.12364661399994,26.565375067000048],[-82.13670813699991,26.58466217700004],[-82.13243567599994,26.609808661000045]]],[[[-94.72440897099995,29.333154895000064],[-94.8916549839999,29.224861529000066],[-94.94724846499992,29.19391369300007],[-95.07595538699991,29.114043627000058],[-95.1082810499999,29.088597249000088],[-95.11654359099992,29.088992912000037],[-95.10225587999992,29.111171470000045],[-95.08128077599991,29.136083932000076],[-95.03400299099991,29.162938401000076],[-94.9677654169999,29.20787631400009],[-94.94309885699994,29.22286028800005],[-94.92874066899992,29.23689138800006],[-94.9207250639999,29.250474351000037],[-94.91722571499992,29.25531647300005],[-94.87511145699995,29.28461334800005],[-94.86681067599994,29.299953518000052],[-94.86204993399991,29.305121161000045],[-94.83983313699991,29.310492255000042],[-94.83788001199991,29.31126536700009],[-94.82803300699993,29.317613023000035],[-94.82164466099994,29.33112213700008],[-94.8242895169999,29.34332916900007],[-94.84154212099992,29.346096096000053],[-94.84154212099992,29.35293203300006],[-94.83649654899995,29.352362372000073],[-94.8352758449999,29.353989976000037],[-94.8352758449999,29.35683828300006],[-94.83409583199995,29.359767971000053],[-94.83193925699993,29.360174872000073],[-94.82787024599992,29.359767971000053],[-94.82701575399994,29.353949286000045],[-94.81427975199995,29.35293203300006],[-94.72440897099995,29.333154895000064]]],[[[-84.72411048099991,29.740301825000074],[-84.70523027299993,29.75849030200004],[-84.6926977199999,29.76439036700009],[-84.6926977199999,29.756984768000052],[-84.69835364499994,29.75458405200004],[-84.70661373599995,29.74803294500009],[-84.7063695949999,29.743963934000078],[-84.72891191299993,29.73582591400009],[-84.78823808499993,29.69550202000005],[-84.88784745999993,29.657945054000038],[-84.90876217399995,29.64248281500005],[-84.96947180899991,29.611761786000045],[-84.99087480399993,29.60614655200004],[-85.04918372299994,29.605861721000053],[-85.07127844999991,29.611761786000045],[-85.09732011599993,29.62726471600007],[-85.08120683499993,29.623968817000048],[-85.0540258449999,29.609442450000074],[-85.03156490799995,29.61090729400007],[-84.98745683499993,29.620428778000075],[-84.77456620999993,29.709784247000073],[-84.77131100199995,29.713812567000048],[-84.77090410099993,29.71832916900007],[-84.76817786399994,29.721909898000035],[-84.7578832669999,29.723456122000073],[-84.74998938699991,29.725490627000056],[-84.74559485599991,29.72996653900009],[-84.7422582669999,29.734442450000074],[-84.73737545499995,29.736476955000057],[-84.72411048099991,29.740301825000074]]],[[[-88.85045325399994,30.046820380000042],[-88.84007727799991,30.025458075000074],[-88.83214270699995,30.00185781500005],[-88.81777910099993,29.983547268000052],[-88.81094316299993,29.915228583000044],[-88.82103430899991,29.83266836100006],[-88.82957923099991,29.810288804000038],[-88.85456295499995,29.769191799000055],[-88.85338294199994,29.774603583000044],[-88.8535863919999,29.780218817000048],[-88.85545813699991,29.785956122000073],[-88.85936438699991,29.79169342700004],[-88.82994544199994,29.843410549000055],[-88.82396399599992,29.860663153000075],[-88.82335364499994,29.912990627000056],[-88.82396399599992,29.928900458000044],[-88.81777910099993,29.93512604400007],[-88.83214270699995,29.96234772300005],[-88.83625240799995,29.97842031500005],[-88.83141028599994,29.98969147300005],[-88.83824622299994,29.997219143000052],[-88.84801184799994,30.03310781500005],[-88.85757402299993,30.048041083000044],[-88.87242591099994,30.058661200000074],[-88.85045325399994,30.046820380000042]]],[[[-89.18740800699993,30.06321849200009],[-89.19176184799994,30.04913971600007],[-89.20116126199991,30.041571356000077],[-89.2156469389999,30.044989325000074],[-89.22207597599993,30.033758856000077],[-89.22887122299994,30.035956122000073],[-89.2429906889999,30.052435614000046],[-89.24600175699993,30.057114976000037],[-89.24889075399994,30.06403229400007],[-89.25304114499994,30.070257880000042],[-89.26036536399994,30.07290273600006],[-89.26724199099993,30.07062409100007],[-89.27257239499994,30.065741278000075],[-89.27578691299993,30.06085846600007],[-89.27647864499994,30.058661200000074],[-89.28384355399993,30.059515692000048],[-89.28823808499993,30.06199778900009],[-89.29116777299993,30.064846096000053],[-89.29442298099991,30.066066799000055],[-89.30125891799992,30.06395091400009],[-89.30699622299994,30.05927155200004],[-89.31069902299993,30.05459219000005],[-89.3118383449999,30.052435614000046],[-89.3321020169999,30.048976955000057],[-89.33926347599993,30.052679755000042],[-89.34532630099994,30.066066799000055],[-89.33348548099991,30.067572333000044],[-89.31993567599994,30.07094961100006],[-89.30894934799994,30.07607656500005],[-89.30435136599993,30.083156643000052],[-89.29771887899994,30.083970445000034],[-89.28490149599992,30.083970445000034],[-89.2766820949999,30.089504299000055],[-89.28392493399991,30.107082424000055],[-89.26862545499995,30.11155833500004],[-89.25446529899995,30.117987372000073],[-89.2293188139999,30.13434479400007],[-89.20986894399994,30.154771226000037],[-89.19640051999994,30.164984442000048],[-89.18081620999993,30.168524481000077],[-89.18081620999993,30.16168854400007],[-89.19440670499995,30.15525950700004],[-89.20714270699995,30.146429755000042],[-89.23546301999994,30.12067291900007],[-89.24990800699993,30.101996161000045],[-89.23619544199994,30.093491929000038],[-89.21861731699994,30.086737372000073],[-89.22183183499993,30.07290273600006],[-89.21654212099992,30.06321849200009],[-89.2156469389999,30.058661200000074],[-89.20811926999994,30.06317780200004],[-89.20221920499995,30.06785716400009],[-89.19766191299993,30.073187567000048],[-89.19448808499993,30.079738674000055],[-89.18834387899994,30.079738674000055],[-89.18740800699993,30.06321849200009]]],[[[-88.62120520699995,30.23151276200008],[-88.55968176999994,30.23114655200004],[-88.5379125639999,30.224432684000078],[-88.54645748599995,30.220363674000055],[-88.55626380099994,30.216742255000042],[-88.75633704299992,30.244208075000074],[-88.75633704299992,30.250433661000045],[-88.73131262899994,30.25722890800006],[-88.69782467399995,30.257879950000074],[-88.66519120999993,30.252386786000045],[-88.64305579299992,30.24046458500004],[-88.62120520699995,30.23151276200008]]],[[[-88.08409583199995,30.245917059000078],[-88.09097245999993,30.244696356000077],[-88.31126868399991,30.236761786000045],[-88.29698645699995,30.244696356000077],[-88.20482337099992,30.257798570000034],[-88.14964758999992,30.257798570000034],[-88.13463294199994,30.25999583500004],[-88.12531490799995,30.26508209800005],[-88.11803137899994,30.271144924000055],[-88.10903886599993,30.27610911700009],[-88.0711156889999,30.257798570000034],[-88.0711156889999,30.250433661000045],[-88.08409583199995,30.245917059000078]]],[[[-81.47801673099991,30.831691799000055],[-81.47874915299991,30.84007396000004],[-81.48159745999993,30.848863023000035],[-81.49046790299991,30.868109442000048],[-81.49242102799991,30.874212958000044],[-81.48216712099992,30.904364325000074],[-81.43268795499995,30.938788153000075],[-81.42414303299995,30.970404364000046],[-81.4173070949999,30.970404364000046],[-81.41706295499995,30.94989655200004],[-81.41942298099991,30.92527903900009],[-81.42829342399995,30.892564195000034],[-81.43195553299995,30.863104559000078],[-81.44155839799993,30.827378648000035],[-81.45702063699991,30.799750067000048],[-81.45714270699995,30.78457265800006],[-81.45079505099994,30.754461981000077],[-81.45421301999994,30.734849351000037],[-81.46165930899991,30.725816148000035],[-81.46914628799993,30.729315497000073],[-81.47874915299991,30.805975653000075],[-81.47801673099991,30.831691799000055]]],[[[-76.55479895699995,34.66421133000006],[-76.54214433499993,34.65289948100008],[-76.53770911399994,34.64215729400007],[-76.55166581899994,34.63686758000006],[-76.55622311099995,34.640611070000034],[-76.59268144399994,34.66351959800005],[-76.64321855399993,34.67841217700004],[-76.65477454299992,34.68455638200004],[-76.65477454299992,34.691473700000074],[-76.63426673099991,34.691473700000074],[-76.56533769399994,34.67096588700008],[-76.55479895699995,34.66421133000006]]],[[[-76.24950110599991,34.921861070000034],[-76.23395748599995,34.931708075000074],[-76.21597245999993,34.940334377000056],[-76.20225989499994,34.94472890800006],[-76.22276770699995,34.91742584800005],[-76.24966386599993,34.903225002000056],[-76.29987545499995,34.858587958000044],[-76.32209225199995,34.84906647300005],[-76.34040279899995,34.83844635600008],[-76.39598548099991,34.78758372600004],[-76.51964270699995,34.61579010600008],[-76.53062903599994,34.589056708000044],[-76.53921464799993,34.60822174700007],[-76.52505449099993,34.63784414300005],[-76.40778561099995,34.79441966400009],[-76.30467688699991,34.883246161000045],[-76.26231848899994,34.90672435100004],[-76.25625566299993,34.91364166900007],[-76.24950110599991,34.921861070000034]]],[[[-75.96703040299991,35.11774323100008],[-75.93984941299993,35.12689850500004],[-75.88634192599994,35.15696849200009],[-75.7988988919999,35.18423086100006],[-75.77025305899991,35.19794342700004],[-75.77599036399994,35.190741278000075],[-75.78209387899994,35.18585846600007],[-75.79820716099994,35.17804596600007],[-75.81737219999991,35.16290924700007],[-75.90807044199994,35.13646067900004],[-76.01732337099992,35.07501862200007],[-76.00597083199995,35.085150458000044],[-75.99885006399995,35.09707265800006],[-75.98997962099992,35.12343984600005],[-75.96703040299991,35.11774323100008]]],[[[-75.72126217399995,35.92999909100007],[-75.72777258999992,35.93455638200004],[-75.72988847599993,35.93939850500004],[-75.72183183499993,35.94525788000004],[-75.71304277299993,35.946966864000046],[-75.70376542899993,35.94570547100005],[-75.69522050699993,35.94245026200008],[-75.68834387899994,35.93842194200005],[-75.67406165299991,35.933294989000046],[-75.66738847599993,35.92951080900008],[-75.66104081899994,35.92475006700005],[-75.65933183499993,35.91543203300006],[-75.64704342399995,35.89923737200007],[-75.6126195949999,35.863267320000034],[-75.62189693899995,35.844916083000044],[-75.62214107999995,35.83466217700004],[-75.62535559799994,35.830145575000074],[-75.64395097599993,35.82916901200008],[-75.65929114499994,35.836004950000074],[-75.66616777299993,35.85228099200009],[-75.67064368399991,35.87132396000004],[-75.67845618399991,35.88690827000005],[-75.70775305899991,35.913397528000075],[-75.71568762899994,35.92475006700005],[-75.72126217399995,35.92999909100007]]],[[[-80.61851966099994,24.941555080000057],[-80.61750240799995,24.93813711100006],[-80.61774654899995,24.936021226000037],[-80.62621008999992,24.92413971600007],[-80.64696204299992,24.904730536000045],[-80.65713456899994,24.90110911700009],[-80.62547766799992,24.93622467700004],[-80.61851966099994,24.941555080000057]]],[[[-88.93883216099994,29.67328522300005],[-88.87409420499995,29.74746328300006],[-88.88955644399994,29.72532786700009],[-88.92540442599994,29.68309153900009],[-88.93883216099994,29.67328522300005]]]]}},{"type":"Feature","properties":{},"geometry":{"type":"Polygon","coordinates":[[[-76.13125566299993,25.147772528000075],[-76.11827551999994,25.133937893000052],[-76.11290442599994,25.114894924000055],[-76.12132727799991,25.030096747000073],[-76.12559973899994,25.014064846000053],[-76.12657630099994,25.00531647300005],[-76.13060462099992,24.99485911700009],[-76.13975989499994,24.98847077000005],[-76.14928137899994,24.984523830000057],[-76.15444902299993,24.981390692000048],[-76.15794837099992,24.962144273000035],[-76.15355383999992,24.94432200700004],[-76.14085852799991,24.91868724200009],[-76.13695227799991,24.902167059000078],[-76.14085852799991,24.854437567000048],[-76.14614824099993,24.83421458500004],[-76.16966712099992,24.79979075700004],[-76.17495683499993,24.78587474200009],[-76.17747962099992,24.71580638200004],[-76.17398027299993,24.67731354400007],[-76.16128495999993,24.645005601000037],[-76.19448808499993,24.65839264500005],[-76.21178137899994,24.690252997000073],[-76.22264563699991,24.726955471000053],[-76.23643958199995,24.754828192000048],[-76.25300045499995,24.765773830000057],[-76.29670162699995,24.782049872000073],[-76.31525631399995,24.792669989000046],[-76.33633378799993,24.814927476000037],[-76.33372962099992,24.824164130000042],[-76.31745357999995,24.82526276200008],[-76.21934973899994,24.81004466400009],[-76.21275794199994,24.81273021000004],[-76.20811926999994,24.819159247000073],[-76.20396887899994,24.82689036700009],[-76.19884192599994,24.833685614000046],[-76.18244381399995,24.848781643000052],[-76.17764238199993,24.85765208500004],[-76.17495683499993,24.871527411000045],[-76.17577063699991,24.89451732000009],[-76.18394934799994,24.88930898600006],[-76.19542395699995,24.87327708500004],[-76.20596269399994,24.864081122000073],[-76.21202551999994,24.875392971000053],[-76.21092688699991,24.90102773600006],[-76.20225989499994,24.94668203300006],[-76.1966039699999,24.963446356000077],[-76.19383704299992,24.96743398600006],[-76.18797766799992,24.973944403000075],[-76.15925045499995,24.998195705000057],[-76.15444902299993,25.00531647300005],[-76.14671790299991,25.062445380000042],[-76.14704342399995,25.083807684000078],[-76.16494706899994,25.129828192000048],[-76.19635982999995,25.15428294500009],[-76.23228919199994,25.17096588700008],[-76.2637426419999,25.19367096600007],[-76.34626217399995,25.303534247000073],[-76.37157141799992,25.32249583500004],[-76.40953528599994,25.335191148000035],[-76.48961341099994,25.351304429000038],[-76.53083248599995,25.370428778000075],[-76.59121660099993,25.42255280200004],[-76.63052324099993,25.433254299000055],[-76.65233313699991,25.435370184000078],[-76.69367428299995,25.44476959800005],[-76.71275794199994,25.446926174000055],[-76.73428300699993,25.441839911000045],[-76.76939856699994,25.42405833500004],[-76.7844945949999,25.42641836100006],[-76.75951087099992,25.450018622000073],[-76.74551347599993,25.48924388200004],[-76.72984778599994,25.563625393000052],[-76.73668372299994,25.563625393000052],[-76.70230058499993,25.56395091400009],[-76.68675696499992,25.56207916900007],[-76.67520097599993,25.556789455000057],[-76.68614661399994,25.54132721600007],[-76.69098873599995,25.525946356000077],[-76.69131425699993,25.50885651200008],[-76.68887285099993,25.48786041900007],[-76.6731664699999,25.506659247000073],[-76.66197669199994,25.497259833000044],[-76.65298417899993,25.47797272300005],[-76.64391028599994,25.467352606000077],[-76.62458248599995,25.46246979400007],[-76.49762936099995,25.373480536000045],[-76.46092688699991,25.35455963700008],[-76.41454016799992,25.34446849200009],[-76.36827551999994,25.342718817000048],[-76.3516332669999,25.33860911700009],[-76.33576412699995,25.327093817000048],[-76.28416907499991,25.26190827000005],[-76.22370357999995,25.20807526200008],[-76.16128495999993,25.165716864000046],[-76.13125566299993,25.147772528000075]]]}},{"type":"Feature","properties":{},"geometry":{"type":"MultiPolygon","coordinates":[[[[-77.83348548099991,24.009588934000078],[-77.83348548099991,24.02179596600007],[-77.84483801999994,24.03339264500005],[-77.85863196499992,24.040961005000042],[-77.8665258449999,24.04755280200004],[-77.86009680899991,24.055975653000075],[-77.86009680899991,24.06273021000004],[-77.87962805899991,24.073960679000038],[-77.94204667899993,24.096869208000044],[-77.93610592399995,24.10447825700004],[-77.92906653599994,24.11123281500005],[-77.91470292899993,24.10252513200004],[-77.90908769399994,24.105292059000078],[-77.9082738919999,24.112616278000075],[-77.90855872299994,24.11737702000005],[-77.90794837099992,24.126776434000078],[-77.91079667899993,24.131333726000037],[-77.91100012899994,24.13580963700008],[-77.90233313699991,24.14472077000005],[-77.89216061099995,24.149644273000035],[-77.86510169199994,24.157945054000038],[-77.85391191299993,24.165838934000078],[-77.84992428299995,24.174302476000037],[-77.84341386599993,24.198879299000055],[-77.83967037699995,24.206732489000046],[-77.80540930899991,24.208929755000042],[-77.79246985599991,24.21360911700009],[-77.78237870999993,24.221584377000056],[-77.77887936099995,24.227850653000075],[-77.77672278599994,24.235581773000035],[-77.77074133999992,24.247748114000046],[-77.75572669199994,24.25926341400009],[-77.71442623599995,24.275091864000046],[-77.70311438699991,24.288723049000055],[-77.67516028599994,24.30296458500004],[-77.66584225199995,24.289496161000045],[-77.65851803299995,24.273504950000074],[-77.65021725199995,24.260158596000053],[-77.63792883999992,24.25458405200004],[-77.63121497299994,24.24909088700008],[-77.64073645699995,24.23729075700004],[-77.7024633449999,24.190252997000073],[-77.72695878799993,24.177801825000074],[-77.75772050699993,24.17259349200009],[-77.75772050699993,24.165838934000078],[-77.73997962099992,24.164496161000045],[-77.73253333199995,24.157049872000073],[-77.73692786399994,24.14862702000005],[-77.75462805899991,24.14472077000005],[-77.75853430899991,24.140773830000057],[-77.7481176419999,24.131781317000048],[-77.72354081899994,24.11737702000005],[-77.70767167899993,24.12372467700004],[-77.70225989499994,24.11273834800005],[-77.70482337099992,24.094671942000048],[-77.72126217399995,24.066229559000078],[-77.72459876199991,24.053290106000077],[-77.72984778599994,24.042629299000055],[-77.74404863199993,24.03546784100007],[-77.72545325399994,24.03066640800006],[-77.70958411399994,24.04368724200009],[-77.67853756399995,24.10175202000005],[-77.65770423099991,24.123480536000045],[-77.64785722599993,24.137884833000044],[-77.6438695949999,24.157538153000075],[-77.64273027299993,24.182806708000044],[-77.63914954299992,24.20648834800005],[-77.62734941299993,24.221096096000053],[-77.60753333199995,24.21824778900009],[-77.59260006399995,24.19822825700004],[-77.58047441299993,24.173163153000075],[-77.56932532499991,24.15525950700004],[-77.55663001199991,24.141058661000045],[-77.54946855399993,24.125921942000048],[-77.5462133449999,24.108303127000056],[-77.54430091099994,24.07526276200008],[-77.53917395699995,24.05414459800005],[-77.53799394399994,24.045396226000037],[-77.53917395699995,24.03392161700009],[-77.54430091099994,24.01471588700008],[-77.54548092399995,24.004380601000037],[-77.5429040992769,24.0],[-77.83648202291879,24.0],[-77.83348548099991,24.009588934000078]]],[[[-78.34284420499995,24.665350653000075],[-78.33507239499994,24.67283763200004],[-78.3333227199999,24.682114976000037],[-78.34056555899991,24.693426825000074],[-78.3274633449999,24.710638739000046],[-78.31143144399994,24.710109768000052],[-78.29792232999995,24.69684479400007],[-78.29214433499993,24.67601146000004],[-78.29332434799994,24.65884023600006],[-78.29702714799993,24.643784898000035],[-78.30345618399991,24.63031647300005],[-78.31261145699995,24.617661851000037],[-78.3301488919999,24.60643138200004],[-78.33311926999994,24.603989976000037],[-78.33112545499995,24.594142971000053],[-78.32632402299993,24.58539459800005],[-78.31899980399993,24.581732489000046],[-78.29206295499995,24.597357489000046],[-78.27725175699993,24.601263739000046],[-78.26911373599995,24.609198309000078],[-78.27163652299993,24.631333726000037],[-78.25218665299991,24.622788804000038],[-78.2520238919999,24.604803778000075],[-78.25723222599993,24.583807684000078],[-78.25426184799994,24.566148179000038],[-78.23770097599993,24.55687083500004],[-78.22826087099992,24.569484768000052],[-78.22594153599994,24.591538804000038],[-78.23070227799991,24.61082591400009],[-78.22109941299993,24.60691966400009],[-78.21068274599992,24.601263739000046],[-78.20173092399995,24.598781643000052],[-78.19652258999992,24.603989976000037],[-78.19713294199994,24.618353583000044],[-78.20449785099993,24.62832265800006],[-78.21458899599992,24.63629791900007],[-78.22325598899994,24.645005601000037],[-78.22451738199993,24.650946356000077],[-78.22223873599995,24.666083075000074],[-78.22325598899994,24.672308661000045],[-78.22935950399994,24.679754950000074],[-78.24498450399994,24.69285716400009],[-78.25112870999993,24.70018138200004],[-78.25511633999992,24.714178778000075],[-78.2578832669999,24.72992584800005],[-78.26402747299994,24.73932526200008],[-78.27847245999993,24.73436107000009],[-78.26789303299995,24.72606028900009],[-78.26414954299992,24.71051666900007],[-78.26480058499993,24.672308661000045],[-78.27424068899995,24.682928778000075],[-78.28062903599994,24.69920482000009],[-78.28844153599994,24.714178778000075],[-78.30235755099994,24.72068919500009],[-78.30406653599994,24.728216864000046],[-78.30113684799994,24.745347398000035],[-78.29214433499993,24.775336005000042],[-78.27684485599991,24.789984442000048],[-78.25495357999995,24.806463934000078],[-78.23961341099994,24.82636139500005],[-78.24372311099995,24.85101959800005],[-78.23424231699994,24.857123114000046],[-78.20811926999994,24.861802476000037],[-78.20274817599994,24.86782461100006],[-78.19969641799992,24.88043854400007],[-78.18602454299992,24.904771226000037],[-78.1829320949999,24.91868724200009],[-78.17393958199995,24.919623114000046],[-78.17747962099992,24.927435614000046],[-78.18553626199991,24.937892971000053],[-78.18968665299991,24.94668203300006],[-78.18761145699995,24.95457591400009],[-78.18224036399994,24.968491929000038],[-78.17454993399991,24.981675523000035],[-78.16551673099991,24.987616278000075],[-78.15770423099991,25.00018952000005],[-78.15990149599992,25.02830638200004],[-78.1692602199999,25.07322825700004],[-78.18004309799994,25.10492584800005],[-78.20091712099992,25.146429755000042],[-78.21434485599991,25.18463776200008],[-78.20274817599994,25.206732489000046],[-78.18590247299994,25.205877997000073],[-78.14956620999993,25.19953034100007],[-78.13442949099993,25.19367096600007],[-78.12218176999994,25.18317291900007],[-78.11534583199995,25.172023830000057],[-78.10704505099994,25.16307200700004],[-78.09044348899994,25.159491278000075],[-78.07518469999991,25.165350653000075],[-78.06045488199993,25.176336981000077],[-78.04515540299991,25.18309153900009],[-78.02798417899993,25.176255601000037],[-78.01524817599994,25.167792059000078],[-78.00121008999992,25.160956122000073],[-77.98766028599994,25.15224844000005],[-77.97687740799995,25.138413804000038],[-77.99176998599995,25.122788804000038],[-77.99429277299993,25.105169989000046],[-77.9863988919999,25.088771877000056],[-77.96996008999992,25.076971747000073],[-77.98253333199995,25.037502346000053],[-77.98656165299991,25.012884833000044],[-77.98058020699995,25.001898505000042],[-77.96226966099994,24.999335028000075],[-77.94725501199991,24.991156317000048],[-77.93419348899994,24.976223049000055],[-77.87336178299995,24.83856842700004],[-77.82917232999995,24.778225002000056],[-77.8125707669999,24.76190827000005],[-77.79556230399993,24.754828192000048],[-77.78351803299995,24.74823639500005],[-77.74649003799993,24.714504299000055],[-77.73721269399994,24.70018138200004],[-77.73615475199995,24.682196356000077],[-77.73778235599991,24.65770091400009],[-77.74181067599994,24.634711005000042],[-77.74779212099992,24.62107982000009],[-77.75357011599993,24.602036851000037],[-77.74547278599994,24.57758209800005],[-77.72354081899994,24.535101630000042],[-77.71873938699991,24.499823309000078],[-77.72789466099994,24.47418854400007],[-77.75108801999994,24.45848216400009],[-77.78872636599993,24.453192450000074],[-77.80410722599993,24.44879791900007],[-77.81456458199995,24.438706773000035],[-77.82331295499995,24.42731354400007],[-77.83348548099991,24.419094143000052],[-77.86384029899995,24.41543203300006],[-77.87169348899994,24.406805731000077],[-77.86009680899991,24.384914455000057],[-77.87205969999991,24.37376536700009],[-77.90855872299994,24.350775458000044],[-77.92662512899994,24.345770575000074],[-77.96141516799992,24.345526434000078],[-77.97337805899991,24.34052155200004],[-78.01276607999995,24.314154364000046],[-78.01781165299991,24.30609772300005],[-78.01577714799993,24.297349351000037],[-78.01244055899991,24.28925202000005],[-78.01170813699991,24.28188711100006],[-78.01781165299991,24.275051174000055],[-78.02745520699995,24.27285390800006],[-78.03697669199994,24.275946356000077],[-78.04552161399994,24.28196849200009],[-78.05190995999993,24.288723049000055],[-78.06330318899995,24.316229559000078],[-78.06969153599994,24.350409247000073],[-78.0801488919999,24.379461981000077],[-78.10342363199993,24.391750393000052],[-78.13414466099994,24.403957424000055],[-78.14085852799991,24.43349844000005],[-78.13442949099993,24.501613674000055],[-78.15245520699995,24.488755601000037],[-78.16478430899991,24.475409247000073],[-78.18004309799994,24.464911200000074],[-78.20645097599993,24.460638739000046],[-78.22642981699994,24.46548086100006],[-78.3516332669999,24.530462958000044],[-78.41148841099994,24.58104075700004],[-78.43053137899994,24.60179271000004],[-78.44298255099994,24.62449778900009],[-78.42959550699993,24.627508856000077],[-78.40884355399993,24.63617584800005],[-78.38980058499993,24.64671458500004],[-78.38149980399993,24.655503648000035],[-78.37840735599991,24.66941966400009],[-78.37108313699991,24.66815827000005],[-78.36180579299992,24.661444403000075],[-78.3535863919999,24.65924713700008],[-78.34284420499995,24.665350653000075]]]]}},{"type":"Feature","properties":{},"geometry":{"type":"MultiPolygon","coordinates":[[[[-76.75843196916557,25.54895356300141],[-76.74589476736315,25.54503568743816],[-76.74981264292641,25.5395506616496],[-76.76078269450352,25.540334236762252],[-76.78742424833366,25.541901386987554],[-76.78115564743246,25.548169987888762],[-76.77018559585534,25.551304288339367],[-76.75843196916557,25.54895356300141]]],[[[-76.81798367772706,25.532498485635738],[-76.80936435148789,25.529364185185134],[-76.81093150171318,25.52387915939658],[-76.82895372930416,25.516826983382717],[-76.84854310712045,25.516826983382717],[-76.86108030892287,25.508207657143558],[-76.87205036049997,25.506640506918256],[-76.87283393561262,25.514476258044766],[-76.8571624333596,25.52387915939658],[-76.84462523155719,25.52622988473453],[-76.82895372930416,25.53171491052309],[-76.81798367772706,25.532498485635738]]],[[[-80.29401607999995,24.00922272300005],[-80.28677324099993,24.01316966400009],[-80.2871394519999,24.007595119000086],[-80.29401607999995,24.00922272300005]]],[[[-80.25597083199995,24.01593659100007],[-80.25361080599993,24.010280666000085],[-80.2578832669999,24.008815822000088],[-80.25597083199995,24.01593659100007]]],[[[-80.17951412699995,24.031032619000086],[-80.17918860599991,24.02928294500009],[-80.1804499989999,24.028672593000067],[-80.18081620999993,24.029242255000042],[-80.1809789699999,24.02920156500005],[-80.18199622299994,24.03066640800006],[-80.18004309799994,24.03156159100007],[-80.1799617179999,24.03082916900007],[-80.17951412699995,24.031032619000086]]],[[[-77.17125403599994,24.04559967700004],[-77.16665605399993,24.040635484000063],[-77.17206783799992,24.030096747000073],[-77.1780085929999,24.03196849200009],[-77.1850886709999,24.039007880000042],[-77.1895238919999,24.040961005000042],[-77.18268795499995,24.043768622000073],[-77.17125403599994,24.04559967700004]]],[[[-82.14911861899992,24.55109284100007],[-82.14879309799994,24.549343166000085],[-82.15005449099993,24.54873281500005],[-82.15054277299993,24.549261786000045],[-82.15160071499992,24.55076732000009],[-82.14964758999992,24.551621812000064],[-82.14952551999994,24.550889390000066],[-82.14911861899992,24.55109284100007]]],[[[-82.16364498599995,24.553656317000048],[-82.16112219999991,24.55101146000004],[-82.16274980399993,24.549221096000053],[-82.16519120999993,24.55154043200008],[-82.16364498599995,24.553656317000048]]],[[[-82.16429602799991,24.56553782800006],[-82.16417395699995,24.559800523000035],[-82.1653539699999,24.561428127000056],[-82.16429602799991,24.56553782800006]]],[[[-82.15501868399991,24.573960679000038],[-82.15330969999991,24.572007554000038],[-82.15550696499992,24.57184479400007],[-82.15501868399991,24.573960679000038]]],[[[-82.86465410099993,24.624253648000035],[-82.86489824099993,24.626979885000083],[-82.86294511599993,24.626572984000063],[-82.86465410099993,24.624253648000035]]],[[[-82.8745417959999,24.62962474200009],[-82.87393144399994,24.62571849200009],[-82.87523352799991,24.624253648000035],[-82.8745417959999,24.62962474200009]]],[[[-82.86778723899994,24.628078518000052],[-82.86900794199994,24.62881094000005],[-82.86782792899993,24.63157786700009],[-82.86778723899994,24.628078518000052]]],[[[-82.92398027299993,24.636053778000075],[-82.92084713399993,24.63308340100008],[-82.9250789049999,24.630519924000055],[-82.92398027299993,24.636053778000075]]],[[[-82.85301673099991,24.648952541000085],[-82.85269120999993,24.64716217700004],[-82.85391191299993,24.646551825000074],[-82.8543188139999,24.64712148600006],[-82.85444088399993,24.64708079600007],[-82.85545813699991,24.648586330000057],[-82.85350501199991,24.649440822000088],[-82.85342363199993,24.64874909100007],[-82.85301673099991,24.648952541000085]]],[[[-80.69957434799994,24.901312567000048],[-80.70038814999992,24.906398830000057],[-80.69570878799993,24.902451890000066],[-80.69957434799994,24.901312567000048]]],[[[-80.78416907499991,24.936428127000056],[-80.78807532499991,24.940456447000088],[-80.78359941299993,24.937323309000078],[-80.78416907499991,24.936428127000056]]],[[[-80.72565670499995,25.000555731000077],[-80.7324926419999,24.995428778000075],[-80.73208574099993,25.00193919500009],[-80.72565670499995,25.000555731000077]]],[[[-80.86388098899994,25.03188711100006],[-80.86518307199992,25.031032619000086],[-80.86750240799995,25.03461334800005],[-80.86388098899994,25.03188711100006]]],[[[-80.75991777299993,25.037909247000073],[-80.75641842399995,25.041489976000037],[-80.75291907499991,25.032822984000063],[-80.75304114499994,25.02794017100007],[-80.75991777299993,25.037909247000073]]],[[[-80.64126542899993,25.078558661000045],[-80.64574133999992,25.075873114000046],[-80.64854895699995,25.08189524900007],[-80.6440730459999,25.084499416000085],[-80.64126542899993,25.078558661000045]]],[[[-80.67955481699994,25.103257554000038],[-80.6692602199999,25.102036851000037],[-80.66584225199995,25.095770575000074],[-80.67955481699994,25.103257554000038]]],[[[-80.64801998599995,25.092718817000048],[-80.6499324209999,25.095851955000057],[-80.65278072799993,25.09719472900008],[-80.65420488199993,25.102809963000084],[-80.65835527299993,25.106756903000075],[-80.6584773429999,25.10956452000005],[-80.65355383999992,25.11090729400007],[-80.64867102799991,25.10805898600006],[-80.6457820299999,25.10419342700004],[-80.6457820299999,25.097031968000067],[-80.64801998599995,25.092718817000048]]],[[[-80.68285071499992,25.114894924000055],[-80.68578040299991,25.11387767100007],[-80.68451900899993,25.12372467700004],[-80.68020585799991,25.121527411000045],[-80.67914791599992,25.116156317000048],[-80.68285071499992,25.114894924000055]]],[[[-80.4802546869999,25.125148830000057],[-80.47740637899994,25.111395575000074],[-80.48306230399993,25.11074453300006],[-80.49583899599992,25.09829336100006],[-80.49795488199993,25.10114166900007],[-80.49575761599993,25.105088609000063],[-80.49339758999992,25.10606517100007],[-80.49181067599994,25.11013418200008],[-80.48452714799993,25.115627346000053],[-80.4802546869999,25.125148830000057]]],[[[-80.63593502499992,25.12258535400008],[-80.63744055899991,25.11269765800006],[-80.6418757799999,25.11241282800006],[-80.64557857999995,25.12327708500004],[-80.64464270699995,25.133693752000056],[-80.64081783799992,25.136745510000083],[-80.64000403599994,25.13475169500009],[-80.63593502499992,25.12258535400008]]],[[[-80.70759029899995,25.129461981000077],[-80.71304277299993,25.137193101000037],[-80.70596269399994,25.13743724200009],[-80.70759029899995,25.129461981000077]]],[[[-80.59422766799992,25.17186107000009],[-80.58763587099992,25.168117580000057],[-80.5911352199999,25.16120026200008],[-80.60260982999995,25.165635484000063],[-80.60578365799995,25.170070705000057],[-80.60175533799992,25.174627997000073],[-80.59422766799992,25.17186107000009]]],[[[-80.53827877499992,25.191026109000063],[-80.53482011599993,25.19167715100008],[-80.53868567599994,25.183335679000038],[-80.54629472599993,25.181789455000057],[-80.54731197799993,25.182196356000077],[-80.54434160099993,25.18581777600008],[-80.5398656889999,25.187241929000038],[-80.53827877499992,25.191026109000063]]],[[[-79.15347245999993,25.23468659100007],[-79.15461178299995,25.23655833500004],[-79.1531062489999,25.23655833500004],[-79.15347245999993,25.23468659100007]]],[[[-80.95083574099993,25.22683340100008],[-80.94989986899992,25.219183661000045],[-80.95112057199992,25.219183661000045],[-80.96060136599993,25.221502997000073],[-80.9524226549999,25.232814846000053],[-80.94989986899992,25.237494208000044],[-80.9524226549999,25.240586656000062],[-80.94672604099992,25.240261135000083],[-80.94009355399993,25.238430080000057],[-80.94058183499993,25.23460521000004],[-80.93866939999992,25.232814846000053],[-80.94334876199991,25.23033274900007],[-80.95083574099993,25.22683340100008]]],[[[-80.97215735599991,25.262600002000056],[-80.9661352199999,25.255560614000046],[-80.9729304679999,25.254461981000077],[-80.97915605399993,25.25018952000005],[-80.98102779899995,25.254014390000066],[-80.97667395699995,25.258978583000044],[-80.97712154899995,25.259914455000057],[-80.97813880099994,25.26198965100008],[-80.97793535099993,25.263413804000038],[-80.97215735599991,25.262600002000056]]],[[[-80.9387507799999,25.251003322000088],[-80.94082597599993,25.25218333500004],[-80.93960527299993,25.259792385000083],[-80.93370520699995,25.265733140000066],[-80.92764238199993,25.259466864000046],[-80.92227128799993,25.246527411000045],[-80.92438717399995,25.237982489000046],[-80.92813066299993,25.231797593000067],[-80.93016516799992,25.23110586100006],[-80.9317113919999,25.24559153900009],[-80.93521074099993,25.251735744000086],[-80.9387507799999,25.251003322000088]]],[[[-79.15038001199991,25.263413804000038],[-79.15326900899993,25.269598700000074],[-79.15070553299995,25.270860093000067],[-79.15038001199991,25.263413804000038]]],[[[-79.15371660099993,25.279120184000078],[-79.15412350199995,25.277044989000046],[-79.1550593739999,25.27830638200004],[-79.15371660099993,25.279120184000078]]],[[[-79.1733699209999,25.31354401200008],[-79.17096920499995,25.31354401200008],[-79.17096920499995,25.312608140000066],[-79.1733699209999,25.31354401200008]]],[[[-79.1697078119999,25.321926174000055],[-79.1697078119999,25.32253652600008],[-79.16844641799992,25.323065497000073],[-79.16881262899994,25.321926174000055],[-79.1697078119999,25.321926174000055]]],[[[-81.06806393099993,25.322007554000038],[-81.06623287699995,25.327500718000067],[-81.06037350199995,25.329046942000048],[-81.04320227799991,25.324693101000037],[-81.04084225199995,25.32099030200004],[-81.04987545499995,25.314479885000083],[-81.06073971299992,25.31207916900007],[-81.06558183499993,25.316229559000078],[-81.06806393099993,25.322007554000038]]],[[[-81.07392330599993,25.345526434000078],[-81.07494055899991,25.342678127000056],[-81.1103816399999,25.34471263200004],[-81.11762447799993,25.346909898000035],[-81.11449133999992,25.351711330000057],[-81.10846920499995,25.35447825700004],[-81.0896296869999,25.34796784100007],[-81.07392330599993,25.345526434000078]]],[[[-79.19220943899995,25.37177155200004],[-79.18984941299993,25.37380605700008],[-79.18842525899993,25.36863841400009],[-79.19220943899995,25.37177155200004]]],[[[-79.20234127499992,25.39675527600008],[-79.20209713399993,25.39980703300006],[-79.19961503799993,25.39797597900008],[-79.19961503799993,25.395453192000048],[-79.20234127499992,25.39675527600008]]],[[[-79.20970618399991,25.41783274900007],[-79.20893307199992,25.419745184000078],[-79.2083227199999,25.41819896000004],[-79.2083227199999,25.41665273600006],[-79.20970618399991,25.41783274900007]]],[[[-79.21035722599993,25.423163153000075],[-79.21003170499995,25.42137278900009],[-79.21129309799994,25.420762437000064],[-79.2116999989999,25.42133209800005],[-79.21182206899994,25.42129140800006],[-79.21283932199992,25.422796942000048],[-79.21084550699993,25.423651434000078],[-79.21076412699995,25.42295970300006],[-79.21035722599993,25.423163153000075]]],[[[-79.26187089799993,25.524684963000084],[-79.2612605459999,25.52374909100007],[-79.2612605459999,25.518784898000035],[-79.26187089799993,25.524684963000084]]],[[[-79.2988988919999,25.581732489000046],[-79.29735266799992,25.57172272300005],[-79.30313066299993,25.584011135000083],[-79.3064265619999,25.585882880000042],[-79.2988988919999,25.581732489000046]]],[[[-79.31122799399992,25.60374583500004],[-79.31090247299994,25.601996161000045],[-79.31216386599993,25.601385809000078],[-79.31265214799993,25.601914781000062],[-79.31371008999992,25.60342031500005],[-79.31175696499992,25.60427480700008],[-79.31163489499994,25.603542385000083],[-79.31122799399992,25.60374583500004]]],[[[-79.3054499989999,25.688706773000035],[-79.30699622299994,25.689113674000055],[-79.30606035099993,25.690659898000035],[-79.3049617179999,25.68964264500005],[-79.3054499989999,25.688706773000035]]],[[[-81.36961829299992,25.799668687000064],[-81.36400305899991,25.801133531000062],[-81.3523656889999,25.79905833500004],[-81.34862219999991,25.791896877000056],[-81.35606848899994,25.785101630000042],[-81.36351477799991,25.78351471600007],[-81.38988196499992,25.793117580000057],[-81.39032955599993,25.79783763200004],[-81.37885494699992,25.804836330000057],[-81.37637285099993,25.80215078300006],[-81.37372799399992,25.79759349200009],[-81.36961829299992,25.799668687000064]]],[[[-81.57591712099992,25.87759023600006],[-81.5740046869999,25.88580963700008],[-81.57030188699991,25.887966213000084],[-81.56615149599992,25.885891018000052],[-81.56704667899993,25.881415106000077],[-81.56908118399991,25.877061265000066],[-81.57371985599991,25.87380605700008],[-81.57591712099992,25.87759023600006]]],[[[-78.84406490799995,25.954331773000035],[-78.8432917959999,25.956813869000086],[-78.84203040299991,25.95453522300005],[-78.84268144399994,25.953599351000037],[-78.84406490799995,25.954331773000035]]],[[[-78.84980221299992,25.95917389500005],[-78.84829667899993,25.956691799000055],[-78.85016842399995,25.95701732000009],[-78.84980221299992,25.95917389500005]]],[[[-78.88451087099992,25.973781643000052],[-78.88422604099992,25.971991278000075],[-78.88548743399991,25.97138092700004],[-78.88597571499992,25.971909898000035],[-78.88703365799995,25.97341543200008],[-78.8850398429999,25.974269924000055],[-78.88495846299992,25.973537502000056],[-78.88451087099992,25.973781643000052]]],[[[-79.13105221299992,25.98183828300006],[-79.12942460799991,25.980292059000078],[-79.13101152299993,25.979030666000085],[-79.13105221299992,25.98183828300006]]],[[[-79.01089433499993,26.03082916900007],[-79.00926673099991,26.028550523000035],[-79.01016191299993,26.02761465100008],[-79.01089433499993,26.03082916900007]]],[[[-79.08861243399991,26.032049872000073],[-79.08584550699993,26.029771226000037],[-79.09243730399993,26.02761465100008],[-79.09414628799993,26.031317450000074],[-79.08861243399991,26.032049872000073]]],[[[-79.06415768099993,26.044867255000042],[-79.06240800699993,26.04328034100007],[-79.06501217399995,26.041367906000062],[-79.06562252499992,26.042303778000075],[-79.06415768099993,26.044867255000042]]],[[[-77.52529863199993,26.090725002000056],[-77.53156490799995,26.078924872000073],[-77.53490149599992,26.079291083000044],[-77.53848222599993,26.084458726000037],[-77.54405676999994,26.088242906000062],[-77.54881751199991,26.09316640800006],[-77.54869544199994,26.095729885000083],[-77.54051673099991,26.10032786700009],[-77.53612219999991,26.10740794500009],[-77.53197180899991,26.107245184000078],[-77.52529863199993,26.090725002000056]]],[[[-77.2873835929999,26.34328847900008],[-77.28384355399993,26.338324286000045],[-77.28262285099993,26.332058010000083],[-77.28575598899994,26.309149481000077],[-77.28844153599994,26.306016343000067],[-77.29369055899991,26.309515692000048],[-77.28876705599993,26.330511786000045],[-77.2961726549999,26.34629954600007],[-77.3001195949999,26.348944403000075],[-77.30540930899991,26.34902578300006],[-77.31720943899995,26.341579494000086],[-77.31948808499993,26.345038153000075],[-77.31354732999995,26.349717515000066],[-77.29922441299993,26.355821031000062],[-77.29584713399993,26.35293203300006],[-77.28974361899992,26.354722398000035],[-77.28750566299993,26.35154857000009],[-77.28795325399994,26.346991278000075],[-77.2873835929999,26.34328847900008]]],[[[-77.2696020169999,26.431748765000066],[-77.2617488269999,26.432033596000053],[-77.26410885299993,26.425156968000067],[-77.27464758999992,26.41628652600008],[-77.29246985599991,26.407985744000086],[-77.2949519519999,26.40766022300005],[-77.29336503799993,26.41233958500004],[-77.27985592399995,26.423570054000038],[-77.2696020169999,26.431748765000066]]],[[[-76.96226966099994,26.554429429000038],[-76.95982825399994,26.54559967700004],[-76.96084550699993,26.53424713700008],[-76.98277747299994,26.499945380000042],[-76.98530025899993,26.50222402600008],[-76.98521887899994,26.505886135000083],[-76.98294023299991,26.510972398000035],[-76.9805395169999,26.514186916000085],[-76.97838294199994,26.51268138200004],[-76.97704016799992,26.51243724200009],[-76.97736568899995,26.516506252000056],[-76.97520911399994,26.527167059000078],[-76.96336829299992,26.55369700700004],[-76.96226966099994,26.554429429000038]]],[[[-77.42373613199993,26.605210679000038],[-77.42080644399994,26.603338934000078],[-77.4238988919999,26.601670640000066],[-77.43276933499993,26.604844468000067],[-77.43415279899995,26.61009349200009],[-77.43256588399993,26.615627346000053],[-77.43545488199993,26.621486721000053],[-77.43325761599993,26.621568101000037],[-77.42931067599994,26.61945221600007],[-77.42593339799993,26.620917059000078],[-77.42393958199995,26.61668528900009],[-77.42438717399995,26.60805898600006],[-77.42373613199993,26.605210679000038]]],[[[-78.47480221299992,26.776312567000048],[-78.47162838399993,26.772691148000035],[-78.47081458199995,26.76658763200004],[-78.47317460799991,26.76365794500009],[-78.47362219999991,26.762071031000062],[-78.47248287699995,26.75889720300006],[-78.47533118399991,26.75739166900007],[-78.47968502499992,26.756252346000053],[-78.48652096299992,26.75613027600008],[-78.49413001199991,26.76390208500004],[-78.49551347599993,26.77179596600007],[-78.4915258449999,26.771429755000042],[-78.4837133449999,26.76426829600007],[-78.4824926419999,26.76516347900008],[-78.48139400899993,26.76951732000009],[-78.47866777299993,26.773993231000077],[-78.47480221299992,26.776312567000048]]],[[[-78.34097245999993,27.232448635000083],[-78.33161373599995,27.23655833500004],[-78.32363847599993,27.23191966400009],[-78.33063717399995,27.22296784100007],[-78.34097245999993,27.232448635000083]]],[[[-82.6562800769999,28.54446035400008],[-82.65623938699991,28.546250718000067],[-82.65941321499992,28.550563869000086],[-82.66454016799992,28.553534247000073],[-82.65571041599992,28.554022528000075],[-82.65160071499992,28.54714590100008],[-82.65225175699993,28.544867255000042],[-82.65534420499995,28.543524481000077],[-82.6562800769999,28.54446035400008]]],[[[-82.67275956899994,28.636867580000057],[-82.6712133449999,28.638332424000055],[-82.65546627499992,28.63698965100008],[-82.65420488199993,28.632920640000066],[-82.65465247299994,28.629299221000053],[-82.65562903599994,28.62681712400007],[-82.65839596299992,28.627752997000073],[-82.66177324099993,28.629787502000056],[-82.66816158799992,28.635606187000064],[-82.67275956899994,28.636867580000057]]],[[[-82.6843969389999,28.665269273000035],[-82.68203691299993,28.66746653900009],[-82.68024654899995,28.660589911000045],[-82.6843969389999,28.665269273000035]]],[[[-82.6728816399999,28.70311107000009],[-82.66901607999995,28.69948965100008],[-82.6709285149999,28.697373765000066],[-82.67373613199993,28.69822825700004],[-82.6728816399999,28.70311107000009]]],[[[-82.70718339799993,28.720485744000086],[-82.71149654899995,28.719549872000073],[-82.71226966099994,28.722398179000038],[-82.70734615799995,28.72569407800006],[-82.70221920499995,28.72451406500005],[-82.7031957669999,28.722601630000042],[-82.70718339799993,28.720485744000086]]],[[[-82.64785722599993,28.75027090100008],[-82.66592363199993,28.746568101000037],[-82.66836503799993,28.751003322000088],[-82.66010494699992,28.753851630000042],[-82.65245520699995,28.75218333500004],[-82.64785722599993,28.75027090100008]]],[[[-82.74364173099991,28.788275458000044],[-82.74693762899994,28.78701406500005],[-82.74596106699994,28.79010651200008],[-82.74250240799995,28.79177480700008],[-82.74364173099991,28.788275458000044]]],[[[-82.71336829299992,28.818182684000078],[-82.71629798099991,28.819688218000067],[-82.72016354099992,28.81944407800006],[-82.72866777299993,28.81549713700008],[-82.73070227799991,28.81826406500005],[-82.72647050699993,28.821600653000075],[-82.71788489499994,28.823106187000064],[-82.70889238199993,28.82094961100006],[-82.7058813139999,28.81903717700004],[-82.70893307199992,28.816961981000077],[-82.71336829299992,28.818182684000078]]],[[[-82.72760982999995,28.85370514500005],[-82.73224850199995,28.85606517100007],[-82.73078365799995,28.861151434000078],[-82.72793535099993,28.856268622000073],[-82.72760982999995,28.85370514500005]]],[[[-82.7141414049999,28.870347398000035],[-82.71324622299994,28.871527411000045],[-82.7158503899999,28.87400950700004],[-82.7116999989999,28.87457916900007],[-82.70750891799992,28.871608791000085],[-82.71450761599993,28.864976304000038],[-82.71503658799992,28.867132880000042],[-82.71764075399994,28.869248765000066],[-82.72166907499991,28.865586656000062],[-82.72130286399994,28.87018463700008],[-82.7180883449999,28.871161200000074],[-82.7141414049999,28.870347398000035]]],[[[-82.6921687489999,28.870062567000048],[-82.68573971299992,28.873521226000037],[-82.67935136599993,28.87486399900007],[-82.6746313139999,28.874823309000078],[-82.66958574099993,28.87291087400007],[-82.6655574209999,28.86985911700009],[-82.6660457019999,28.867743231000077],[-82.67023678299995,28.867336330000057],[-82.67943274599992,28.868394273000035],[-82.6916804679999,28.86631907800006],[-82.6921687489999,28.870062567000048]]],[[[-82.64378821499992,28.853135484000063],[-82.65103105399993,28.85773346600007],[-82.6533503899999,28.86277903900009],[-82.65294348899994,28.867743231000077],[-82.6543676419999,28.87250397300005],[-82.65339107999995,28.87726471600007],[-82.66315670499995,28.88357168200008],[-82.6570124989999,28.88572825700004],[-82.64740963399993,28.88222890800006],[-82.64346269399994,28.875067450000074],[-82.6438695949999,28.861395575000074],[-82.64203854099992,28.859157619000086],[-82.64146887899994,28.856268622000073],[-82.64378821499992,28.853135484000063]]],[[[-82.68370520699995,28.89512767100007],[-82.6868383449999,28.894883531000062],[-82.6887914699999,28.896429755000042],[-82.68521074099993,28.898504950000074],[-82.67939205599993,28.89866771000004],[-82.67438717399995,28.89675527600008],[-82.6709285149999,28.894313869000086],[-82.6675105459999,28.89366282800006],[-82.66649329299992,28.891628322000088],[-82.67007402299993,28.88939036700009],[-82.6770727199999,28.891099351000037],[-82.68370520699995,28.89512767100007]]],[[[-90.82957923099991,29.046494859000063],[-90.82770748599995,29.041937567000048],[-90.82929439999992,29.039455471000053],[-90.83690344999991,29.041367906000062],[-90.8435359369999,29.044704494000086],[-90.8450414699999,29.049831447000088],[-90.8408503899999,29.05337148600006],[-90.83356686099995,29.050889390000066],[-90.82957923099991,29.046494859000063]]],[[[-90.7886042959999,29.053941148000035],[-90.78502356699994,29.053249416000085],[-90.7883601549999,29.04596588700008],[-90.79906165299991,29.04059479400007],[-90.8010554679999,29.040676174000055],[-90.79995683499993,29.04405345300006],[-90.7996313139999,29.048203843000067],[-90.79531816299993,29.050848700000074],[-90.7886042959999,29.053941148000035]]],[[[-82.80801347599993,29.106268622000073],[-82.80337480399993,29.103623765000066],[-82.8034968739999,29.098781643000052],[-82.80968176999994,29.09479401200008],[-82.81623287699995,29.092922268000052],[-82.81981360599991,29.096625067000048],[-82.81802324099993,29.10382721600007],[-82.81265214799993,29.106350002000056],[-82.80801347599993,29.106268622000073]]],[[[-90.34764563699991,29.132839260000083],[-90.34076900899993,29.129299221000053],[-90.33910071499992,29.123846747000073],[-90.3457738919999,29.11863841400009],[-90.39810136599993,29.103257554000038],[-90.40025794199994,29.10655345300006],[-90.39476477799991,29.10891347900008],[-90.37930253799993,29.111395575000074],[-90.3594457669999,29.119208075000074],[-90.35667883999992,29.121649481000077],[-90.35619055899991,29.126776434000078],[-90.35366777299993,29.13161855700008],[-90.34764563699991,29.132839260000083]]],[[[-89.87075761599993,29.325547593000067],[-89.8679499989999,29.320013739000046],[-89.86896725199995,29.318019924000055],[-89.87612870999993,29.316351630000042],[-89.8779597649999,29.314520575000074],[-89.87767493399991,29.310370184000078],[-89.87523352799991,29.304714260000083],[-89.88719641799992,29.313015041000085],[-89.90485592399995,29.316148179000038],[-89.9031469389999,29.32062409100007],[-89.89525305899991,29.32636139500005],[-89.89167232999995,29.331813869000086],[-89.88963782499991,29.331691799000055],[-89.88369706899994,29.32558828300006],[-89.8769832019999,29.323391018000052],[-89.87409420499995,29.32920970300006],[-89.87075761599993,29.325547593000067]]],[[[-88.99775143099993,29.622015692000048],[-88.99600175699993,29.61933014500005],[-88.99823971299992,29.61859772300005],[-89.00023352799991,29.620754299000055],[-88.99775143099993,29.622015692000048]]],[[[-88.99604244699992,29.62185293200008],[-88.99201412699995,29.62335846600007],[-88.99388587099992,29.620469468000067],[-88.99396725199995,29.62107982000009],[-88.99604244699992,29.62185293200008]]],[[[-89.50763912699995,29.695705471000053],[-89.50552324099993,29.69204336100006],[-89.5105281239999,29.689927476000037],[-89.52611243399991,29.691799221000053],[-89.53026282499991,29.69358958500004],[-89.5293676419999,29.696966864000046],[-89.52977454299992,29.698391018000052],[-89.53140214799993,29.70018138200004],[-89.53311113199993,29.70376211100006],[-89.53168697799993,29.70897044500009],[-89.52729244699992,29.714097398000035],[-89.53307044199994,29.72138092700004],[-89.52879798099991,29.72207265800006],[-89.52330481699994,29.71942780200004],[-89.52269446499992,29.70766836100006],[-89.52110755099994,29.702907619000086],[-89.51650956899994,29.70026276200008],[-89.51146399599992,29.698594468000067],[-89.50763912699995,29.695705471000053]]],[[[-88.98009192599994,29.80381907800006],[-88.98420162699995,29.79210032800006],[-88.98542232999995,29.794134833000044],[-88.98310299399992,29.81150950700004],[-88.97874915299991,29.81940338700008],[-88.97826087099992,29.815456447000088],[-88.9797664049999,29.809922593000067],[-88.98009192599994,29.80381907800006]]],[[[-88.86709550699993,29.856268622000073],[-88.86493893099993,29.846584377000056],[-88.87018795499995,29.861395575000074],[-88.86709550699993,29.856268622000073]]],[[[-88.90664628799993,29.87059153900009],[-88.90664628799993,29.867621161000045],[-88.92349199099993,29.85997142100007],[-88.9265844389999,29.860622463000084],[-88.91633053299995,29.871649481000077],[-88.9104304679999,29.87327708500004],[-88.90664628799993,29.87059153900009]]],[[[-88.88300533799992,29.874050197000088],[-88.8828425769999,29.89004140800006],[-88.8809301419999,29.888373114000046],[-88.88158118399991,29.88153717700004],[-88.88300533799992,29.874050197000088]]],[[[-88.89907792899993,29.878526109000063],[-88.9063207669999,29.875474351000037],[-88.90676835799991,29.877956447000088],[-88.88634192599994,29.89671458500004],[-88.8828832669999,29.89557526200008],[-88.8867488269999,29.88617584800005],[-88.89000403599994,29.88507721600007],[-88.89297441299993,29.882879950000074],[-88.89907792899993,29.878526109000063]]],[[[-89.23326575399994,29.973049221000053],[-89.22895260299993,29.973496812000064],[-89.22704016799992,29.96816640800006],[-89.23135331899994,29.96442291900007],[-89.24465898299991,29.95689524900007],[-89.25401770699995,29.94757721600007],[-89.25824947799993,29.945868231000077],[-89.26829993399991,29.94395579600007],[-89.26634680899991,29.948065497000073],[-89.23888098899994,29.966945705000057],[-89.23326575399994,29.973049221000053]]],[[[-88.88906816299993,30.24042389500005],[-88.87739010299993,30.24367910400008],[-88.87645423099991,30.23969147300005],[-88.89362545499995,30.229763088000084],[-88.90265865799995,30.227728583000044],[-88.89452063699991,30.236721096000053],[-88.88906816299993,30.24042389500005]]],[[[-75.97412928799992,37.10781917800006],[-75.96592993399992,37.10788065400004],[-75.96244362499993,37.10481073200009],[-75.95469493299993,37.10658819900004],[-75.94691042199992,37.10492532000006],[-75.94124239799993,37.099462102000075],[-75.94115818999995,37.091552264000086],[-75.94669836799994,37.08531981300007],[-75.96092290999991,37.084181783000076],[-75.97387751399992,37.08511444200008],[-75.98041782899992,37.091258753000034],[-75.98223067899994,37.09881288000008],[-75.9805502179999,37.10295413100005],[-75.97412928799992,37.10781917800006]]],[[[-75.7995505529999,37.281847681000045],[-75.79599401399992,37.28081098600006],[-75.79550253999992,37.275525719000086],[-75.79540687799994,37.26494976400005],[-75.79401148799991,37.25755400400004],[-75.79440133499992,37.251909830000045],[-75.79879302299992,37.24730169400004],[-75.80450803699995,37.24197797100004],[-75.81203626999991,37.24087296000005],[-75.81428437299991,37.244385126000054],[-75.80808484799991,37.24619164200004],[-75.80238916399992,37.25256786600005],[-75.80112487399992,37.259979748000035],[-75.7999000289999,37.27162190900009],[-75.7995505529999,37.281847681000045]]],[[[-75.73316705499991,37.34637001800007],[-75.73057205499993,37.35413854400008],[-75.72750937099994,37.35908982700005],[-75.7235142749999,37.35875715000009],[-75.72348164199991,37.354879081000036],[-75.72562226699995,37.34570280300005],[-75.73088051699995,37.33827318200008],[-75.73833649099993,37.32871729300007],[-75.74934282899994,37.31984593200008],[-75.7594755689999,37.31274131200007],[-75.76738296099995,37.303886531000046],[-75.77973963999995,37.297472689000074],[-75.78595320499994,37.29814271100008],[-75.7811113539999,37.30204773300005],[-75.7731582639999,37.30526474900006],[-75.7678842649999,37.31093320400004],[-75.76129668999994,37.31801981700005],[-75.74851186699993,37.326195485000085],[-75.74103945099995,37.33363770700004],[-75.73316705499991,37.34637001800007]]],[[[-75.97677792899992,37.83722262500004],[-75.98056777199992,37.82276250800004],[-75.9851925399999,37.80722733400006],[-75.99349139599991,37.819432679000045],[-75.99843886299993,37.835928814000056],[-75.98880895499991,37.83864429400006],[-75.97677792899992,37.83722262500004]]],[[[-75.34094071699991,37.95558634900004],[-75.3414497249999,37.950614622000046],[-75.34405144999994,37.943153916000085],[-75.34507437099995,37.93486793400007],[-75.34557606299995,37.92782579800007],[-75.34923678899992,37.92326287100008],[-75.35973729299991,37.92282768900009],[-75.37128601799992,37.92156093500006],[-75.37652326299991,37.917408021000085],[-75.38544262599993,37.91490322700008],[-75.38541647699992,37.90786203000005],[-75.39223425999995,37.90536109400006],[-75.40272807399992,37.90285070200008],[-75.41061072699995,37.904073434000054],[-75.40170373599994,37.90948113600007],[-75.39281128099992,37.91944293000006],[-75.38445913099991,37.932302539000034],[-75.37501563899991,37.93563643500005],[-75.36348175099994,37.941873559000044],[-75.35772981999992,37.94934210900004],[-75.35249277299994,37.953907825000044],[-75.34094071699991,37.95558634900004]]]]}},{"type":"Feature","properties":{},"geometry":{"type":"MultiPolygon","coordinates":[[[[-78.60761892799991,26.525734450000073],[-78.62896577499993,26.51610211700006],[-78.64644049499992,26.504853429000036],[-78.65577003499993,26.497788470000046],[-78.67671736599993,26.496131503000072],[-78.68613184999992,26.49191095300006],[-78.72696836599994,26.49544569200009],[-78.76683934699992,26.508104203000073],[-78.79108864499995,26.529699767000068],[-78.83455712699993,26.55365117100007],[-78.93959961399992,26.65078778700007],[-78.98729407499991,26.68622467700004],[-78.99787350199995,26.701320705000057],[-78.98713131399995,26.70148346600007],[-78.97838294199994,26.69940827000005],[-78.97093665299991,26.69489166900007],[-78.96434485599991,26.68768952000005],[-78.83580481699994,26.614569403000075],[-78.80606035099993,26.577826239000046],[-78.7862224559999,26.581143507000036],[-78.77037512399994,26.58332478400007],[-78.73815509299993,26.57080854600008],[-78.7142887789999,26.570519948000083],[-78.69172287099991,26.579970039000045],[-78.67125234799994,26.59291820100009],[-78.65751282199994,26.598588549000056],[-78.64578727799994,26.60509679200004],[-78.63797875099993,26.609730986000045],[-78.63425147899994,26.617819430000054],[-78.62161113499991,26.62701354400008],[-78.61901136299991,26.63951757600006],[-78.6044346509999,26.65053474000007],[-78.59219252499992,26.673048306000055],[-78.5736332699999,26.68415929300005],[-78.5759422349999,26.694769508000036],[-78.60000566299993,26.708197333000044],[-78.64159094999991,26.714992580000057],[-78.63467363199993,26.72797272300005],[-78.60741126199991,26.755926825000074],[-78.60155188699991,26.76825592700004],[-78.5938207669999,26.81053294500009],[-78.57477779899995,26.79828522300005],[-78.55719967399995,26.778550523000035],[-78.5442602199999,26.757025458000044],[-78.53917395699995,26.739203192000048],[-78.5202572959999,26.728995355000052],[-78.43781648399994,26.69982110500007],[-78.41705909299992,26.704749029000084],[-78.37096106699994,26.694525458000044],[-78.31998377999992,26.68652744500008],[-78.28708191999993,26.68549205900007],[-78.27361518799995,26.703582975000074],[-78.25292968999992,26.712942463000047],[-78.22168484799994,26.700293688000045],[-78.20264129899994,26.697158680000086],[-78.16705098299991,26.710400108000044],[-78.11894820799995,26.704328287000067],[-78.0872289699999,26.71312083500004],[-78.05540930899991,26.72601959800005],[-78.03514563699991,26.728583075000074],[-77.97166907499991,26.72955963700008],[-77.95628821499992,26.73541901200008],[-77.94684811099995,26.746568101000037],[-77.94005286399994,26.759466864000046],[-77.93114173099991,26.77049388200004],[-77.91539466099994,26.77643463700008],[-77.91307532499991,26.757879950000074],[-77.91808020699995,26.737494208000044],[-77.92080644399994,26.716945705000057],[-77.90294348899994,26.681586005000042],[-77.90217037699995,26.66242096600007],[-77.91055253799993,26.646307684000078],[-77.92906653599994,26.639227606000077],[-77.93626868399991,26.641791083000044],[-77.9531957669999,26.654852606000077],[-77.96255449099993,26.65973541900007],[-77.97541256399995,26.661769924000055],[-78.04076087099992,26.65843333500004],[-78.10033118399991,26.64606354400007],[-78.23770620099992,26.621325470000045],[-78.29338578699992,26.621300259000066],[-78.50340735599991,26.573065497000073],[-78.52147376199991,26.570379950000074],[-78.54015051999994,26.565008856000077],[-78.57046464799993,26.541571356000077],[-78.59007727799991,26.53620026200008],[-78.60761892799991,26.525734450000073]]],[[[-77.83067786399994,26.909409898000035],[-77.90977942599994,26.904038804000038],[-77.9414770169999,26.89354075700004],[-77.96255449099993,26.893052476000037],[-77.95962480399993,26.896958726000037],[-77.95665442599994,26.89842357000009],[-77.94945227799991,26.89988841400009],[-77.91344153599994,26.92096588700008],[-77.86815344999991,26.92841217700004],[-77.77448482999995,26.92723216400009],[-77.68236243399991,26.90843333500004],[-77.62979081899994,26.90420156500005],[-77.60684160099993,26.920396226000037],[-77.55357825399994,26.89801666900007],[-77.51130123599995,26.869533596000053],[-77.32795162699995,26.709133205000057],[-77.30711829299992,26.696437893000052],[-77.28368079299992,26.68968333500004],[-77.25059973899994,26.68768952000005],[-77.25914466099994,26.676703192000048],[-77.27261308499993,26.673000393000052],[-77.30524654899995,26.67401764500005],[-77.29059811099995,26.646958726000037],[-77.26988684799994,26.625067450000074],[-77.24388587099992,26.610500393000052],[-77.18276933499993,26.60028717700004],[-77.15526282499991,26.58808014500005],[-77.10724850199995,26.556708075000074],[-77.07054602799991,26.53851959800005],[-77.05882727799991,26.529364325000074],[-77.04979407499991,26.51634349200009],[-77.0423070949999,26.49803294500009],[-77.04214433499993,26.48183828300006],[-77.05540930899991,26.47479889500005],[-77.05858313699991,26.46784088700008],[-77.05882727799991,26.42324453300006],[-77.05540930899991,26.40692780200004],[-77.04625403599994,26.396307684000078],[-77.03294837099992,26.389878648000035],[-77.01720130099994,26.385972398000035],[-77.03001868399991,26.36273834800005],[-77.03156490799995,26.355292059000078],[-77.02928626199991,26.34442780200004],[-77.02440344999991,26.337591864000046],[-77.01943925699993,26.33270905200004],[-77.01720130099994,26.32762278900009],[-77.01610266799992,26.319525458000044],[-77.01475989499994,26.315659898000035],[-77.01650956899994,26.311712958000044],[-77.0247289699999,26.30345286700009],[-77.03270423099991,26.297430731000077],[-77.04100501199991,26.293768622000073],[-77.05882727799991,26.29043203300006],[-77.05675208199995,26.294663804000038],[-77.05199133999992,26.30963776200008],[-77.08446204299992,26.30613841400009],[-77.1153051419999,26.29043203300006],[-77.1426488919999,26.26825592700004],[-77.16494706899994,26.245428778000075],[-77.17438717399995,26.22068919500009],[-77.18321692599994,26.144273179000038],[-77.1817113919999,26.12531159100007],[-77.19220943899995,26.06899648600006],[-77.18716386599993,25.98847077000005],[-77.1907445949999,25.91632721600007],[-77.22667395699995,25.88507721600007],[-77.25304114499994,25.897609768000052],[-77.27623450399994,25.92601146000004],[-77.29271399599992,25.95726146000004],[-77.29898027299993,25.97793203300006],[-77.31505286399994,25.99095286700009],[-77.38817298099991,26.00543854400007],[-77.4082738919999,26.029730536000045],[-77.39207923099991,26.029852606000077],[-77.37393144399994,26.03546784100007],[-77.35912024599992,26.04588450700004],[-77.34788977799991,26.07062409100007],[-77.33560136599993,26.07367584800005],[-77.32103430899991,26.07518138200004],[-77.30894934799994,26.080633856000077],[-77.27236894399994,26.118312893000052],[-77.24893144399994,26.136053778000075],[-77.22329667899993,26.145819403000075],[-77.2298070949999,26.153998114000046],[-77.23379472599993,26.162258205000057],[-77.23582923099991,26.171698309000078],[-77.23631751199991,26.183661200000074],[-77.24034583199995,26.190578518000052],[-77.24876868399991,26.196519273000035],[-77.25641842399995,26.203924872000073],[-77.25804602799991,26.21474844000005],[-77.25182044199994,26.22601959800005],[-77.24250240799995,26.234523830000057],[-77.23387610599991,26.24404531500005],[-77.23013261599993,26.258734442000048],[-77.23058020699995,26.285101630000042],[-77.23338782499991,26.298000393000052],[-77.25035559799994,26.313055731000077],[-77.21861731699994,26.355292059000078],[-77.21987870999993,26.364935614000046],[-77.22862708199995,26.37693919500009],[-77.23013261599993,26.44745514500005],[-77.21544348899994,26.447699286000045],[-77.20457923099991,26.45331452000005],[-77.19619706899994,26.46287669500009],[-77.18919837099992,26.47479889500005],[-77.18809973899994,26.479803778000075],[-77.18919837099992,26.498968817000048],[-77.18643144399994,26.505926825000074],[-77.18016516799992,26.51007721600007],[-77.17300370999993,26.512844143000052],[-77.16808020699995,26.515773830000057],[-77.15794837099992,26.53143952000005],[-77.15355383999992,26.54946523600006],[-77.16071529899995,26.564195054000038],[-77.19615637899994,26.572658596000053],[-77.21955318899995,26.582424221000053],[-77.31216386599993,26.594671942000048],[-77.32974199099993,26.60455963700008],[-77.34097245999993,26.621527411000045],[-77.35301673099991,26.64606354400007],[-77.34845943899995,26.652167059000078],[-77.34732011599993,26.660305080000057],[-77.35008704299992,26.66901276200008],[-77.36143958199995,26.68231842700004],[-77.36656653599994,26.693019924000055],[-77.37010657499991,26.69790273600006],[-77.37535559799994,26.69953034100007],[-77.38003495999993,26.695705471000053],[-77.38491777299993,26.690334377000056],[-77.39085852799991,26.68768952000005],[-77.41124426999994,26.689398505000042],[-77.42699133999992,26.695135809000078],[-77.43399003799993,26.705511786000045],[-77.42813066299993,26.721177476000037],[-77.44469153599994,26.755072333000044],[-77.49022376199991,26.82330963700008],[-77.51748613199993,26.85219961100006],[-77.53441321499992,26.86318594000005],[-77.55622311099995,26.87055084800005],[-77.57848059799994,26.871161200000074],[-77.5969945949999,26.86204661700009],[-77.61432857999995,26.85651276200008],[-77.63805091099994,26.859930731000077],[-77.69684811099995,26.877346096000053],[-77.71495520699995,26.879380601000037],[-77.75462805899991,26.879461981000077],[-77.76642818899995,26.88279857000009],[-77.79466712099992,26.899725653000075],[-77.81236731699994,26.906805731000077],[-77.83067786399994,26.909409898000035]]]]}}]}
